m,a,t,c,h, ,f,o,u,n,d,",",a,d,d,r,e,s,s,",",o,b,j,i,d,","
T,R,U,E,",",1,3,3,0, ,S, ,H,o,m,a,n, ,A,v,e,",",5,1,8,8,","
F,A,L,S,E,",",3,8, ,W, ,I,1,9,0, ,E,X,P,Y,",",5,1,8,9,","
T,R,U,E,",",5,5,5,9, ,S, ,E,m,e,r,a,l,d, ,A,v,e,",",5,1,9,0,","
F,A,L,S,E,",",5,5,3,4, ,S, ,S,T, ,L,O,U,I,S, ,A,V,E,",",5,1,9,1,","
T,R,U,E,",",4,3,2, ,W, ,8,3,r,d, ,S,t,",",5,1,9,2,","
T,R,U,E,",",8,3,0,1, ,S, ,K,e,r,f,o,o,t, ,A,v,e,",",5,1,9,3,","
F,A,L,S,E,",",1,0,3,0,2, ,S, ,D,O,T,Y, ,A,V,E, ,E,",",5,1,9,4,","
F,A,L,S,E,",",1,0,3,0,1, ,S, ,D,O,T,Y, ,A,V,E, ,E,",",5,1,9,5,","
T,R,U,E,",",1,4,5,9, ,N, ,C,a,l,i,f,o,r,n,i,a, ,A,v,e,",",5,1,9,6,","
T,R,U,E,",",2,1,2,7, ,S, ,M,a,r,s,h,a,l,l, ,B,l,v,d,",",5,1,9,7,","
T,R,U,E,",",1,6,0,1, ,N, ,C,a,l,i,f,o,r,n,i,a, ,A,v,e,",",5,1,9,8,","
F,A,L,S,E,",",1,1,0,1, ,W, ,A,R,G,Y,L,E, ,S,T,",",5,1,9,9,","
T,R,U,E,",",8,3,1, ,E, ,6,3,r,d, ,S,t,",",5,2,0,0,","
T,R,U,E,",",8,3,0,2, ,S, ,B,i,r,k,h,o,f,f, ,A,v,e,",",5,2,0,1,","
T,R,U,E,",",7,8,6,0, ,S, ,H,a,l,s,t,e,d, ,S,t,",",5,2,0,2,","
T,R,U,E,",",6,4,0,1, ,S, ,I,n,g,l,e,s,i,d,e, ,A,v,e,",",5,2,0,3,","
T,R,U,E,",",5,4,4,0, ,W, ,M,a,d,i,s,o,n, ,S,t,",",5,2,0,4,","
T,R,U,E,",",5,2,3,2, ,W, ,M,a,d,i,s,o,n, ,S,t,",",5,2,0,5,","
T,R,U,E,",",5,2,5,9, ,W, ,W,a,s,h,i,n,g,t,o,n, ,B,l,v,d,",",5,2,0,6,","
F,A,L,S,E,",",1,0,8,4, ,W, ,T,H,O,R,N,D,A,L,E, ,A,V,E,",",5,2,0,7,","
T,R,U,E,",",7,8,0,0, ,S, ,D,r, ,M,a,r,t,i,n, ,L,u,t,h,e,r, ,K,i,n,g, ,J,r, ,D,r,",",5,2,0,8,","
T,R,U,E,",",8,3,0,0, ,S, ,H,a,l,s,t,e,d, ,S,t,",",5,2,0,9,","
T,R,U,E,",",5,3,3,1, ,W, ,M,a,d,i,s,o,n, ,S,t,",",5,2,1,0,","
T,R,U,E,",",7,9,0,0, ,S, ,V,e,r,n,o,n, ,A,v,e,",",5,2,1,1,","
T,R,U,E,",",3,6,3,3, ,W, ,L,a,w,r,e,n,c,e, ,A,v,e,",",5,2,1,2,","
T,R,U,E,",",4,0,1, ,E, ,7,9,t,h, ,S,t,",",5,2,1,3,","
T,R,U,E,",",5,1,5,9, ,W, ,W,a,s,h,i,n,g,t,o,n, ,B,l,v,d,",",5,2,1,4,","
T,R,U,E,",",2,8,0,0, ,W, ,R,o,s,e,m,o,n,t, ,A,v,e,",",5,2,1,5,","
T,R,U,E,",",1,4,2,8, ,W, ,7,9,t,h, ,S,t,",",5,2,1,6,","
T,R,U,E,",",5,2,0,0, ,W, ,M,a,d,i,s,o,n, ,S,t,",",5,2,1,7,","
T,R,U,E,",",7,8,0,1, ,S, ,E,b,e,r,h,a,r,t, ,A,v,e,",",5,2,1,8,","
T,R,U,E,",",4,5,8, ,E, ,7,9,t,h, ,S,t,",",5,2,1,9,","
F,A,L,S,E,",",1,0,0,0, ,N, ,L,A,R,R,A,B,E,E, ,S,T,",",5,2,2,0,","
F,A,L,S,E,",",2,4,0,0, ,N, ,S,H,E,F,F,I,E,L,D, ,A,V,E,",",5,2,2,1,","
F,A,L,S,E,",",1,7,3,9, ,S, ,H,A,L,S,T,E,D, ,S,T,",",5,2,2,2,","
F,A,L,S,E,",",9,5,9, ,W, ,W,E,E,D, ,S,T,",",5,2,2,3,","
F,A,L,S,E,",",8,0,2, ,E, ,4,7,T,H, ,S,T,",",5,2,2,4,","
F,A,L,S,E,",",6,1,0,1, ,S, ,K,A,R,L,O,V, ,A,V,E,",",5,2,2,5,","
F,A,L,S,E,",",1,3,5,8, ,W, ,J,A,C,K,S,O,N, ,B,L,V,D,",",5,2,2,6,","
T,R,U,E,",",6,9,5,9, ,S, ,W,i,n,c,h,e,s,t,e,r, ,A,v,e,",",5,2,2,7,","
F,A,L,S,E,",",1,0,1, ,N, ,P,I,N,E, ,A,V,E,",",5,2,2,8,","
F,A,L,S,E,",",4,3,0,0, ,W, ,7,9,T,H, ,S,T,",",5,2,2,9,","
T,R,U,E,",",4,7,5,9, ,N, ,S,h,e,r,i,d,a,n, ,R,d,",",5,2,3,0,","
T,R,U,E,",",4,9,0,2, ,W, ,D,e,m,i,n,g, ,P,l,",",5,2,3,1,","
T,R,U,E,",",8,1,0,9, ,S, ,G,r,e,e,n, ,S,t,",",5,2,3,2,","
T,R,U,E,",",8,8,0,1, ,S, ,M,u,s,k,e,g,o,n, ,A,v,e,",",5,2,3,3,","
T,R,U,E,",",1,1,0,0,1, ,S, ,T,h,r,o,o,p, ,S,t,",",5,2,3,4,","
T,R,U,E,",",4,9,5,2, ,W, ,D,e,m,i,n,g, ,P,l,",",5,2,3,5,","
T,R,U,E,",",8,1,2,8, ,S, ,E,m,e,r,a,l,d, ,A,v,e,",",5,2,3,6,","
T,R,U,E,",",4,4,0,1, ,W, ,W,e,s,t, ,E,n,d, ,A,v,e,",",5,2,3,7,","
T,R,U,E,",",8,4,3, ,W, ,2,7,t,h, ,S,t,",",5,2,3,8,","
T,R,U,E,",",1,1,5,3,1, ,S, ,C,h,u,r,c,h, ,S,t,",",5,2,3,9,","
T,R,U,E,",",3,7,6,3, ,W, ,L,a,w,r,e,n,c,e, ,A,v,e,",",5,2,4,0,","
T,R,U,E,",",2,7,3,2, ,W, ,D,e,v,o,n, ,A,v,e,",",5,2,4,1,","
T,R,U,E,",",1,2,5,3, ,W, ,1,0,9,t,h, ,S,t,",",5,2,4,2,","
T,R,U,E,",",7,8,0,1, ,S, ,V,e,r,n,o,n, ,A,v,e,",",5,2,4,3,","
F,A,L,S,E,",",2,7,3,2, ,W, ,R,O,S,E,M,O,N,T, ,A,V,E,",",5,2,4,4,","
T,R,U,E,",",6,8,0,0, ,S, ,J,u,s,t,i,n,e, ,S,t,",",5,2,4,5,","
T,R,U,E,",",4,0,9, ,W, ,E,v,e,r,g,r,e,e,n, ,A,v,e,",",5,2,4,6,","
F,A,L,S,E,",",3,5,5,9, ,W, ,L,A,W,R,E,N,C,E, ,A,V,E,",",5,2,4,7,","
T,R,U,E,",",8,5,0,1, ,S, ,M,u,s,k,e,g,o,n, ,A,v,e,",",5,2,4,8,","
F,A,L,S,E,",",4,0,0,0, ,W, ,L,A,W,R,E,N,C,E, ,A,V,E,",",5,2,4,9,","
F,A,L,S,E,",",9,5,5,9, ,S, ,A,V,E,N,U,E, ,L,",",5,2,5,0,","
T,R,U,E,",",1,1,6,5,1, ,S, ,C,h,u,r,c,h, ,S,t,",",5,2,5,1,","
T,R,U,E,",",5,3,5,9, ,W, ,W,a,s,h,i,n,g,t,o,n, ,B,l,v,d,",",5,2,5,2,","
F,A,L,S,E,",",5,1,2,0, ,N, ,H,A,M,L,I,N, ,A,V,E,",",5,2,5,3,","
F,A,L,S,E,",",2,2,0,0, ,W, ,2,3,R,D, ,P,L,",",5,2,5,4,","
F,A,L,S,E,",",3,1,3,2, ,W, ,L,A,W,R,E,N,C,E, ,A,V,E,",",5,2,5,5,","
F,A,L,S,E,",",2,0,0,0, ,W, ,2,1,S,T, ,P,L,",",5,2,5,6,","
F,A,L,S,E,",",7,3,0,0, ,S, ,W,O,O,D, ,S,T,",",5,2,5,7,","
F,A,L,S,E,",",9,8,0,1, ,S, ,M,U,S,K,E,G,O,N, ,A,V,E,",",5,2,5,8,","
F,A,L,S,E,",",7,8,0,0, ,S, ,A,B,E,R,D,E,E,N, ,S,T,",",5,2,5,9,","
F,A,L,S,E,",",7,2,0,0, ,S, ,W,I,N,C,H,E,S,T,E,R, ,A,V,E,",",5,2,6,0,","
F,A,L,S,E,",",6,6,0,0, ,S, ,S,A,N,G,A,M,O,N, ,S,T,",",5,2,6,1,","
F,A,L,S,E,",",1,1,5,5,2, ,S, ,P,R,A,I,R,I,E, ,A,V,E,",",5,2,6,2,","
F,A,L,S,E,",",1,4,2, ,W, ,1,0,2,N,D, ,S,T,",",5,2,6,3,","
F,A,L,S,E,",",1,0,2,0,0, ,S, ,S,T,A,T,E, ,S,T,",",5,2,6,4,","
T,R,U,E,",",4,6,0, ,N, ,L,e,c,l,a,i,r,e, ,A,v,e,",",5,2,6,5,","
F,A,L,S,E,",",1,1,1,0,0, ,S, ,V,E,R,N,O,N, ,A,V,E,",",5,2,6,6,","
F,A,L,S,E,",",1,0,5,0,0, ,S, ,S,T,A,T,E, ,S,T,",",5,2,6,7,","
T,R,U,E,",",4,8,0,0, ,W, ,V,a,n, ,B,u,r,e,n, ,S,t,",",5,2,6,8,","
F,A,L,S,E,",",1,3,3,5,8, ,S, ,B,R,A,N,D,O,N, ,A,V,E,",",5,2,6,9,","
F,A,L,S,E,",",1,0,7,0,1, ,S, ,H,O,X,I,E, ,A,V,E,",",5,2,7,0,","
T,R,U,E,",",5,4,5,9, ,S, ,D,a,m,e,n, ,A,v,e,",",5,2,7,1,","
T,R,U,E,",",4,8,0,0, ,W, ,C,h,i,c,a,g,o, ,A,v,e,",",5,2,7,2,","
T,R,U,E,",",4,0,3,5, ,W, ,A,r,m,i,t,a,g,e, ,A,v,e,",",5,2,7,3,","
T,R,U,E,",",7,9,0,0, ,S, ,E,s,s,e,x, ,A,v,e,",",5,2,7,4,","
T,R,U,E,",",3,5, ,W, ,2,3,r,d, ,S,t,",",5,2,7,5,","
F,A,L,S,E,",",4,8,0,0, ,S, ,D,R,E,X,E,L, ,B,L,V,D,",",5,2,7,6,","
F,A,L,S,E,",",5,2,4,5, ,S, ,D,R,E,X,E,L, ,A,V,E,",",5,2,7,7,","
F,A,L,S,E,",",5,9,5,8, ,N, ,C,A,L,I,F,O,R,N,I,A, ,A,V,E,",",5,2,7,8,","
F,A,L,S,E,",",1,8,2,3, ,E, ,7,9,T,H, ,S,T,",",5,2,7,9,","
F,A,L,S,E,",",6,3,5,8, ,N, ,C,L,A,R,K, ,S,T,",",5,2,8,0,","
T,R,U,E,",",1,7,0,0, ,N, ,M,a,y,f,i,e,l,d, ,a,v,e,",",5,2,8,1,","
T,R,U,E,",",5,4,5,1, ,W, ,A,d,a,m,s, ,S,t,",",5,2,8,2,","
T,R,U,E,",",5,0,0,1, ,W, ,M,a,d,i,s,o,n, ,S,t,",",5,2,8,3,","
T,R,U,E,",",1,6,2,7, ,N, ,C,i,c,e,r,o, ,A,v,e,",",5,2,8,4,","
T,R,U,E,",",2,1,2,5, ,W, ,M,a,y,p,o,l,e, ,A,v,e,",",5,2,8,5,","
F,A,L,S,E,",",7,4,6,3, ,S, ,C,O,L,F,A,X, ,A,V,E,",",5,2,8,6,","
F,A,L,S,E,",",8,1,0,0, ,S, ,M,A,N,I,S,T,E,E, ,A,V,E,",",5,2,8,7,","
F,A,L,S,E,",",7,9,0,0, ,S, ,M,A,R,Q,U,E,T,T,E, ,A,V,E,",",5,2,8,8,","
T,R,U,E,",",1,8,0,1, ,S, ,H,a,r,d,i,n,g, ,A,v,e,",",5,2,8,9,","
T,R,U,E,",",5,3,0,0, ,W, ,C,h,i,c,a,g,o, ,A,v,e,",",5,2,9,0,","
F,A,L,S,E,",",4,7,5,7, ,S, ,B,I,S,H,O,P, ,S,T,",",5,2,9,1,","
F,A,L,S,E,",",2,7,0,1, ,W, ,F,R,A,N,C,I,S, ,P,L,",",5,2,9,2,","
F,A,L,S,E,",",3,9,0,2, ,W, ,W,I,L,C,O,X, ,S,T,",",5,2,9,3,","
F,A,L,S,E,",",2,0,0, ,S, ,L,A,V,E,R,G,N,E, ,A,V,E,",",5,2,9,4,","
F,A,L,S,E,",",1,0,0, ,S, ,L,A,V,E,R,G,N,E, ,A,V,E,",",5,2,9,5,","
F,A,L,S,E,",",4,7,0,3, ,W, ,O,H,I,O, ,S,T,",",5,2,9,6,","
F,A,L,S,E,",",4,4,3,2, ,W, ,8,1,S,T, ,S,T,",",5,2,9,7,","
F,A,L,S,E,",",4,2,3,3, ,W, ,6,5,T,H, ,S,T,",",5,2,9,8,","
F,A,L,S,E,",",2,4,0,0, ,S, ,S,A,C,R,A,M,E,N,T,O, ,A,V,E,",",5,2,9,9,","
T,R,U,E,",",1,9,1,4, ,S, ,P,u,l,a,s,k,i, ,R,d,",",5,3,0,0,","
F,A,L,S,E,",",3,3,0,1, ,S, ,O,A,K,L,E,Y, ,A,V,E,",",5,3,0,1,","
F,A,L,S,E,",",4,2,5,9, ,W, ,W,I,L,C,O,X, ,S,T,",",5,3,0,2,","
F,A,L,S,E,",",2,4,0,1, ,S, ,C,A,L,I,F,O,R,N,I,A, ,A,V,E,",",5,3,0,3,","
F,A,L,S,E,",",2,7,0,0, ,W, ,3,6,T,H, ,S,T,",",5,3,0,4,","
F,A,L,S,E,",",3,1,5,8, ,W, ,3,8,T,H, ,S,T,",",5,3,0,5,","
F,A,L,S,E,",",2,1,6,1, ,W, ,3,2,N,D, ,S,T,",",5,3,0,6,","
F,A,L,S,E,",",2,6,5,9, ,W, ,2,5,T,H, ,S,T,",",5,3,0,7,","
F,A,L,S,E,",",5,0,5,9, ,W, ,W,A,S,H,I,N,G,T,O,N, ,B,L,V,D,",",5,3,0,8,","
F,A,L,S,E,",",5,0,5,9, ,W, ,H,U,R,O,N, ,S,T,",",5,3,0,9,","
T,R,U,E,",",3,7,0,0, ,W, ,M,c, ,L,e,a,n, ,A,v,e,",",5,3,1,0,","
F,A,L,S,E,",",2,8,2,4, ,W, ,2,1,S,T, ,S,T,",",5,3,1,1,","
F,A,L,S,E,",",4,2,0,1, ,S, ,C,A,M,P,B,E,L,L, ,A,V,E,",",5,3,1,2,","
F,A,L,S,E,",",4,8,3,1, ,W, ,W,E,S,T, ,E,N,D, ,A,V,E,",",5,3,1,3,","
F,A,L,S,E,",",2,3,0,0, ,N, ,L,O,R,E,L, ,A,V,E,",",5,3,1,4,","
F,A,L,S,E,",",4,9,5,9, ,W, ,C,H,I,C,A,G,O, ,A,V,E,",",5,3,1,5,","
F,A,L,S,E,",",1,8,3,3, ,S, ,W,O,O,D, ,S,T,",",5,3,1,6,","
F,A,L,S,E,",",2,2,5,9, ,W, ,1,9,T,H, ,S,T,",",5,3,1,7,","
F,A,L,S,E,",",2,1,5,9, ,W, ,2,1,S,T, ,S,T,",",5,3,1,8,","
F,A,L,S,E,",",1,8,2,4, ,S, ,D,A,M,E,N, ,A,V,E,",",5,3,1,9,","
T,R,U,E,",",2,7,0,2, ,W, ,3,8,t,h, ,S,t,",",5,3,2,0,","
F,A,L,S,E,",",1,9,5,8, ,S, ,C,A,R,P,E,N,T,E,R, ,S,T,",",5,3,2,1,","
F,A,L,S,E,",",1,6,2,4, ,S, ,D,E,S,P,L,A,I,N,E,S, ,S,T,",",5,3,2,2,","
T,R,U,E,",",5,0,0, ,N, ,A,v,e,r,s, ,A,v,e,",",5,3,2,3,","
T,R,U,E,",",3,7,3,1, ,W, ,R,o,o,s,e,v,e,l,t, ,R,d,",",5,3,2,4,","
F,A,L,S,E,",",7,2,0,1, ,S, ,A,B,E,R,D,E,E,N, ,S,T,",",5,3,2,5,","
F,A,L,S,E,",",1,6,3, ,W, ,C,E,R,M,A,K, ,R,D,",",5,3,2,6,","
F,A,L,S,E,",",2,3,3,1, ,S, ,W,E,N,T,W,O,R,T,H, ,A,V,E,",",5,3,2,7,","
F,A,L,S,E,",",4,9,0,0, ,S, ,K,I,L,B,O,U,R,N, ,A,V,E,",",5,3,2,8,","
F,A,L,S,E,",",6,9,5,9, ,S, ,B,I,S,H,O,P, ,S,T,",",5,3,2,9,","
F,A,L,S,E,",",6,7,5,9, ,S, ,M,A,Y, ,S,T,",",5,3,3,0,","
T,R,U,E,",",5,3,0,0, ,W, ,M,o,n,r,o,e, ,S,t,",",5,3,3,1,","
F,A,L,S,E,",",3,5,9, ,W, ,7,9,T,H, ,S,T,",",5,3,3,2,","
F,A,L,S,E,",",7,5,0,1, ,S, ,S,T,E,W,A,R,T, ,A,V,E,",",5,3,3,3,","
F,A,L,S,E,",",6,7,5,9, ,S, ,G,R,E,E,N, ,S,T,",",5,3,3,4,","
F,A,L,S,E,",",7,1,5,9, ,S, ,H,E,R,M,I,T,A,G,E, ,A,V,E,",",5,3,3,5,","
F,A,L,S,E,",",1,4,7,9, ,W, ,7,2,N,D, ,P,L,",",5,3,3,6,","
F,A,L,S,E,",",6,7,0,0, ,S, ,K,I,L,D,A,R,E, ,A,V,E,",",5,3,3,7,","
F,A,L,S,E,",",4,4,0,0, ,W, ,5,5,T,H, ,S,T,",",5,3,3,8,","
F,A,L,S,E,",",6,7,5,9, ,S, ,C,L,A,R,E,M,O,N,T, ,A,V,E,",",5,3,3,9,","
F,A,L,S,E,",",6,4,0,1, ,S, ,K,I,L,B,O,U,R,N, ,A,V,E,",",5,3,4,0,","
F,A,L,S,E,",",4,3,4,6, ,W, ,5,7,T,H, ,S,T,",",5,3,4,1,","
T,R,U,E,",",5,9,0,2, ,S, ,U,n,i,o,n, ,A,v,e,",",5,3,4,2,","
F,A,L,S,E,",",6,9,4,7, ,S, ,H,A,M,L,I,N, ,A,V,E,",",5,3,4,3,","
F,A,L,S,E,",",3,2,0,2, ,S, ,M,O,R,G,A,N, ,S,T,",",5,3,4,4,","
F,A,L,S,E,",",3,7,0,1, ,S, ,W,O,O,D, ,S,T,",",5,3,4,5,","
F,A,L,S,E,",",9,5,8, ,W, ,B,E,L,M,O,N,T, ,A,V,E,",",5,3,4,6,","
F,A,L,S,E,",",3,4,5,9, ,W, ,1,3,T,H, ,P,L,",",5,3,4,7,","
F,A,L,S,E,",",3,9,0,1, ,W, ,P,O,L,K, ,S,T,",",5,3,4,8,","
F,A,L,S,E,",",6,4,8, ,S, ,P,U,L,A,S,K,I, ,R,D,",",5,3,4,9,","
F,A,L,S,E,",",3,0,5,9, ,W, ,C,E,R,M,A,K, ,R,D,",",5,3,5,0,","
T,R,U,E,",",4,0,0, ,S, ,L,o,t,u,s, ,A,v,e,",",5,3,5,1,","
F,A,L,S,E,",",4,2,0,2, ,W, ,C,E,R,M,A,K, ,R,D,",",5,3,5,2,","
F,A,L,S,E,",",6,5,3, ,N, ,L,E,A,M,I,N,G,T,O,N, ,A,V,E,",",5,3,5,3,","
F,A,L,S,E,",",1,2,5, ,N, ,L,A,R,A,M,I,E, ,A,V,E,",",5,3,5,4,","
F,A,L,S,E,",",4,4,0,2, ,W, ,W,A,S,H,I,N,G,T,O,N, ,B,L,V,D,",",5,3,5,5,","
F,A,L,S,E,",",3,3,3,4, ,W, ,W,A,L,N,U,T, ,S,T,",",5,3,5,6,","
F,A,L,S,E,",",4,3,0,0, ,W, ,W,E,S,T, ,E,N,D, ,A,V,E,",",5,3,5,7,","
F,A,L,S,E,",",4,3,0,0, ,W, ,M,A,Y,P,O,L,E, ,A,V,E,",",5,3,5,8,","
F,A,L,S,E,",",3,3,0,2, ,W, ,D,I,V,I,S,I,O,N, ,S,T,",",5,3,5,9,","
F,A,L,S,E,",",8,7,0,0, ,S, ,E,X,C,H,A,N,G,E, ,A,V,E,",",5,3,6,0,","
T,R,U,E,",",3,1,0,1, ,W, ,3,9,t,h, ,P,l,",",5,3,6,1,","
F,A,L,S,E,",",5,5,5,8, ,S, ,L,O,O,M,I,S, ,B,L,V,D,",",5,3,6,2,","
F,A,L,S,E,",",2,4,5,8, ,W, ,D,I,V,I,S,I,O,N, ,S,T,",",5,3,6,3,","
F,A,L,S,E,",",3,2,0, ,E, ,N,O,R,T,H, ,W,A,T,E,R, ,S,T,",",5,3,6,4,","
F,A,L,S,E,",",5,0,0, ,W, ,A,D,A,M,S, ,S,T,",",5,3,6,5,","
F,A,L,S,E,",",4,0, ,W, ,A,D,A,M,S, ,S,T,",",5,3,6,6,","
F,A,L,S,E,",",3,0,0, ,W, ,A,D,A,M,S, ,S,T,",",5,3,6,7,","
F,A,L,S,E,",",8,0,0, ,W, ,A,D,A,M,S, ,S,T,",",5,3,6,8,","
F,A,L,S,E,",",1,5,0, ,W, ,A,D,A,M,S, ,S,T,",",5,3,6,9,","
F,A,L,S,E,",",4,2,5, ,W, ,A,D,A,M,S, ,S,T,",",5,3,7,0,","
F,A,L,S,E,",",4,5, ,E, ,A,D,A,M,S, ,S,T,",",5,3,7,1,","
F,A,L,S,E,",",3,4,5, ,W, ,A,D,A,M,S, ,S,T,",",5,3,7,2,","
F,A,L,S,E,",",1,9,0,0, ,W, ,A,D,A,M,S, ,S,T,",",5,3,7,3,","
F,A,L,S,E,",",3,9,8, ,E, ,B,A,L,B,O, ,D,R,",",5,3,7,4,","
F,A,L,S,E,",",1,9,8, ,E, ,B,E,L,L,E,V,U,E, ,P,L,",",5,3,7,5,","
F,A,L,S,E,",",3,2,0, ,N, ,H,A,L,S,T,E,D, ,S,T,",",5,3,7,6,","
F,A,L,S,E,",",2,4,0, ,E, ,C,H,E,S,T,N,U,T, ,S,T,",",5,3,7,7,","
F,A,L,S,E,",",3,0,0, ,W, ,C,H,E,S,T,N,U,T, ,S,T,",",5,3,7,8,","
F,A,L,S,E,",",4,5,0, ,W, ,C,H,E,S,T,N,U,T, ,S,T,",",5,3,7,9,","
F,A,L,S,E,",",1,2,0, ,W, ,C,H,E,S,T,N,U,T, ,S,T,",",5,3,8,0,","
F,A,L,S,E,",",3,0,0, ,W, ,C,H,E,S,T,N,U,T, ,S,T,",",5,3,8,1,","
F,A,L,S,E,",",5,0, ,E, ,C,H,E,S,T,N,U,T, ,S,T,",",5,3,8,2,","
F,A,L,S,E,",",2,0,0, ,E, ,C,H,E,S,T,N,U,T, ,S,T,",",5,3,8,3,","
F,A,L,S,E,",",9,6,5,9, ,S, ,M,I,C,H,I,G,A,N, ,A,V,E,",",5,3,8,4,","
F,A,L,S,E,",",1, ,E, ,C,H,E,S,T,N,U,T, ,S,T,",",5,3,8,5,","
F,A,L,S,E,",",1,0,0, ,W, ,C,H,I,C,A,G,O, ,A,V,E,",",5,3,8,6,","
F,A,L,S,E,",",3,0,0, ,W, ,C,H,I,C,A,G,O, ,A,V,E,",",5,3,8,7,","
F,A,L,S,E,",",8,0,0, ,W, ,C,H,I,C,A,G,O, ,A,V,E,",",5,3,8,8,","
F,A,L,S,E,",",4,3,5, ,W, ,C,H,I,C,A,G,O, ,A,V,E,",",5,3,8,9,","
F,A,L,S,E,",",4,0,0, ,E, ,C,H,I,C,A,G,O, ,R,I,V,E,R,",",5,3,9,0,","
F,A,L,S,E,",",6,0,0, ,W, ,C,H,I,C,A,G,O, ,A,V,E,",",5,3,9,1,","
F,A,L,S,E,",",8,0,0, ,N, ,M,I,C,H,I,G,A,N, ,A,V,E,",",5,3,9,2,","
F,A,L,S,E,",",3,0,0, ,W, ,C,H,I,C,A,G,O, ,A,V,E,",",5,3,9,3,","
F,A,L,S,E,",",1,0,0, ,E, ,C,H,I,C,A,G,O, ,A,V,E,",",5,3,9,4,","
F,A,L,S,E,",",2,5,9, ,S, ,O,A,K,L,E,Y, ,B,L,V,D,",",5,3,9,5,","
F,A,L,S,E,",",4,0,0, ,W, ,C,H,I,C,A,G,O, ,A,V,E,",",5,3,9,6,","
F,A,L,S,E,",",1, ,W, ,C,H,I,C,A,G,O, ,A,V,E,",",5,3,9,7,","
F,A,L,S,E,",",2,0,0, ,W, ,C,H,I,C,A,G,O, ,A,V,E,",",5,3,9,8,","
F,A,L,S,E,",",3,0,0, ,N, ,C,L,A,R,K, ,S,T,",",5,3,9,9,","
F,A,L,S,E,",",3,0,0, ,N, ,D,E,A,R,B,O,R,N, ,S,T,",",5,4,0,0,","
F,A,L,S,E,",",2,7,5, ,N, ,L,A, ,S,A,L,L,E, ,S,T,",",5,4,0,1,","
F,A,L,S,E,",",4,0,0, ,E, ,C,H,I,C,A,G,O, ,R,I,V,E,R,",",5,4,0,2,","
F,A,L,S,E,",",3,7,5, ,N, ,M,I,C,H,I,G,A,N, ,A,V,E,",",5,4,0,3,","
F,A,L,S,E,",",3,0,0, ,N, ,O,R,L,E,A,N,S, ,S,T,",",5,4,0,4,","
F,A,L,S,E,",",2,5,0, ,N, ,S,T,A,T,E, ,S,T,",",5,4,0,5,","
F,A,L,S,E,",",2,3,5,7, ,W, ,D,I,V,I,S,I,O,N, ,S,T,",",5,4,0,6,","
F,A,L,S,E,",",3,5,5, ,N, ,L,O,W,E,R, ,C,O,L,U,M,B,U,S, ,D,R,",",5,4,0,7,","
F,A,L,S,E,",",2,9,8, ,N, ,L,O,W,E,R, ,C,O,L,U,M,B,U,S, ,D,R,",",5,4,0,8,","
F,A,L,S,E,",",2,9,8, ,N, ,L,O,W,E,R, ,C,O,L,U,M,B,U,S, ,D,R,",",5,4,0,9,","
F,A,L,S,E,",",2,9,8, ,N, ,L,O,W,E,R, ,C,O,L,U,M,B,U,S, ,D,R,",",5,4,1,0,","
F,A,L,S,E,",",2,9,8, ,E, ,C,O,N,G,R,E,S,S, ,D,R,",",5,4,1,1,","
F,A,L,S,E,",",5,0,0, ,S, ,C,O,L,U,M,B,U,S, ,D,R,",",5,4,1,2,","
F,A,L,S,E,",",1,0,0, ,E, ,C,O,N,G,R,E,S,S, ,D,R,",",5,4,1,3,","
F,A,L,S,E,",",1, ,W, ,C,O,N,G,R,E,S,S, ,P,K,W,Y,",",5,4,1,4,","
F,A,L,S,E,",",1,9,5, ,W, ,C,O,N,G,R,E,S,S, ,P,K,W,Y,",",5,4,1,5,","
F,A,L,S,E,",",2,4,5, ,E, ,D,E,L,A,W,A,R,E, ,P,L,",",5,4,1,6,","
F,A,L,S,E,",",2,7,5, ,E, ,D,E,L,A,W,A,R,E, ,P,L,",",5,4,1,7,","
F,A,L,S,E,",",1,4,5, ,E, ,D,E,L,A,W,A,R,E, ,P,L,",",5,4,1,8,","
F,A,L,S,E,",",2,0,0, ,E, ,D,E,L,A,W,A,R,E, ,P,L,",",5,4,1,9,","
F,A,L,S,E,",",5,0, ,E, ,D,E,L,A,W,A,R,E, ,P,L,",",5,4,2,0,","
F,A,L,S,E,",",1,0,0, ,W, ,D,I,V,I,S,I,O,N, ,S,T,",",5,4,2,1,","
F,A,L,S,E,",",8,0,0, ,W, ,D,I,V,I,S,I,O,N, ,S,T,",",5,4,2,2,","
F,A,L,S,E,",",6,0,0, ,W, ,D,I,V,I,S,I,O,N, ,S,T,",",5,4,2,3,","
F,A,L,S,E,",",9,5, ,E, ,D,I,V,I,S,I,O,N, ,S,T,",",5,4,2,4,","
F,A,L,S,E,",",2,0,0, ,W, ,D,I,V,I,S,I,O,N, ,S,T,",",5,4,2,5,","
F,A,L,S,E,",",1,3,0, ,W, ,E,L,M, ,S,T,",",5,4,2,6,","
F,A,L,S,E,",",1, ,W, ,E,L,M, ,S,T,",",5,4,2,7,","
F,A,L,S,E,",",4,0, ,W, ,E,R,I,E, ,S,T,",",5,4,2,8,","
F,A,L,S,E,",",6,5,8, ,N, ,O,R,L,E,A,N,S, ,S,T,",",5,4,2,9,","
F,A,L,S,E,",",1,3,5, ,W, ,E,R,I,E, ,S,T,",",5,4,3,0,","
F,A,L,S,E,",",4,9,0, ,E, ,E,R,I,E, ,S,T,",",5,4,3,1,","
F,A,L,S,E,",",1,3,5, ,E, ,E,R,I,E, ,S,T,",",5,4,3,2,","
F,A,L,S,E,",",4,7,5,4, ,S, ,U,N,I,O,N, ,A,V,E,",",5,4,3,3,","
F,A,L,S,E,",",4,0,3,3, ,S, ,C,A,L,I,F,O,R,N,I,A, ,A,V,E,",",5,4,3,4,","
T,R,U,E,",",6,7,1,2, ,N, ,B,o,s,w,o,r,t,h, ,A,v,e,",",5,4,3,5,","
F,A,L,S,E,",",3,3,2,6, ,W, ,C,E,R,M,A,K, ,R,D,",",5,4,3,6,","
F,A,L,S,E,",",2,0,0, ,W, ,9,5,T,H, ,S,T,",",5,4,3,7,","
F,A,L,S,E,",",2,0,0, ,W, ,9,5,T,H, ,S,T,",",5,4,3,8,","
F,A,L,S,E,",",9,3,3,1, ,S, ,H,A,R,V,A,R,D, ,A,V,E,",",5,4,3,9,","
F,A,L,S,E,",",2,0,0, ,W, ,9,5,T,H, ,S,T,",",5,4,4,0,","
F,A,L,S,E,",",1,0,7,6,8, ,S, ,B,E,N,S,L,E,Y, ,A,V,E,",",5,4,4,1,","
F,A,L,S,E,",",1,0,7,6,8, ,S, ,B,E,N,S,L,E,Y, ,A,V,E,",",5,4,4,2,","
F,A,L,S,E,",",1,0,7,6,8, ,S, ,B,E,N,S,L,E,Y, ,A,V,E,",",5,4,4,3,","
F,A,L,S,E,",",3,8,0,1, ,S, ,P,R,I,N,C,E,T,O,N, ,A,V,E,",",5,4,4,4,","
F,A,L,S,E,",",3,8,0,1, ,S, ,P,R,I,N,C,E,T,O,N, ,A,V,E,",",5,4,4,5,","
F,A,L,S,E,",",3,7,4,1, ,S, ,P,R,I,N,C,E,T,O,N, ,A,V,E,",",5,4,4,6,","
F,A,L,S,E,",",2,5,8, ,E, ,3,8,T,H, ,S,T,",",5,4,4,7,","
F,A,L,S,E,",",2,6,0, ,W, ,3,8,T,H, ,S,T,",",5,4,4,8,","
F,A,L,S,E,",",3,7,5,2, ,S, ,W,E,L,L,S, ,S,T,",",5,4,4,9,","
F,A,L,S,E,",",4,0,2, ,E, ,5,1,S,T, ,S,T,",",5,4,5,0,","
F,A,L,S,E,",",3,8,0,0, ,S, ,W,E,L,L,S, ,S,T,",",5,4,5,1,","
F,A,L,S,E,",",3,8,0,3, ,S, ,P,R,I,N,C,E,T,O,N, ,A,V,E,",",5,4,5,2,","
F,A,L,S,E,",",3,8,0,3, ,S, ,P,R,I,N,C,E,T,O,N, ,A,V,E,",",5,4,5,3,","
F,A,L,S,E,",",6,4,0,0, ,N, ,S,H,E,R,I,D,A,N, ,R,D,",",5,4,5,4,","
F,A,L,S,E,",",6,4,0,0, ,N, ,S,H,E,R,I,D,A,N, ,R,D,",",5,4,5,5,","
F,A,L,S,E,",",6,4,0,0, ,N, ,S,H,E,R,I,D,A,N, ,R,D,",",5,4,5,6,","
F,A,L,S,E,",",4,8,0,0, ,S, ,W,A,B,A,S,H, ,A,V,E,",",5,4,5,7,","
F,A,L,S,E,",",4,8,0,0, ,S, ,W,A,B,A,S,H, ,A,V,E,",",5,4,5,8,","
F,A,L,S,E,",",4,8,0,0, ,S, ,W,A,B,A,S,H, ,A,V,E,",",5,4,5,9,","
F,A,L,S,E,",",4,8,0,0, ,S, ,W,A,B,A,S,H, ,A,V,E,",",5,4,6,0,","
F,A,L,S,E,",",5,6,0,0, ,S, ,R,O,C,K,W,E,L,L, ,S,T,",",5,4,6,1,","
F,A,L,S,E,",",4,8,0,0, ,S, ,W,A,B,A,S,H, ,A,V,E,",",5,4,6,2,","
F,A,L,S,E,",",4,8,0,0, ,S, ,W,A,B,A,S,H, ,A,V,E,",",5,4,6,3,","
F,A,L,S,E,",",4,8,0,0, ,S, ,W,A,B,A,S,H, ,A,V,E,",",5,4,6,4,","
F,A,L,S,E,",",3,1,8,9, ,S, ,L,I,T,U,A,N,I,C,A, ,A,V,E,",",5,4,6,5,","
F,A,L,S,E,",",5,9,3,2, ,N, ,G,L,E,N,W,O,O,D, ,A,V,E,",",5,4,6,6,","
F,A,L,S,E,",",6,6,6,1, ,N, ,C,L,A,R,K, ,S,T,",",5,4,6,7,","
F,A,L,S,E,",",2,0,0,2, ,W, ,F,O,S,T,E,R, ,A,V,E,",",5,4,6,8,","
F,A,L,S,E,",",3,7,5,7, ,W, ,6,3,R,D, ,S,T,",",5,4,6,9,","
F,A,L,S,E,",",1,7,3,0, ,W, ,M,O,N,T,E,R,E,Y, ,A,V,E,",",5,4,7,0,","
T,R,U,E,",",5,5,5,8, ,S, ,C,i,c,e,r,o, ,A,v,e,",",5,4,7,1,","
F,A,L,S,E,",",9,2,0, ,E, ,1,0,3,R,D, ,S,T,",",5,4,7,2,","
F,A,L,S,E,",",4,0,0, ,W, ,E,R,I,E, ,S,T,",",5,4,7,3,","
F,A,L,S,E,",",3,5, ,E, ,E,R,I,E, ,S,T,",",5,4,7,4,","
F,A,L,S,E,",",3,0,0, ,N, ,C,L,I,N,T,O,N, ,S,T,",",5,4,7,5,","
F,A,L,S,E,",",3,0,0, ,N, ,D,E,S,P,L,A,I,N,E,S, ,S,T,",",5,4,7,6,","
F,A,L,S,E,",",1,0,0, ,W, ,G,R,A,N,D, ,A,V,E,",",5,4,7,7,","
F,A,L,S,E,",",4,0, ,W, ,G,R,A,N,D, ,A,V,E,",",5,4,7,8,","
F,A,L,S,E,",",6,3,5, ,W, ,G,R,A,N,D, ,A,V,E,",",5,4,7,9,","
F,A,L,S,E,",",8,0,0, ,W, ,G,R,A,N,D, ,A,V,E,",",5,4,8,0,","
F,A,L,S,E,",",4,4,0, ,W, ,G,R,A,N,D, ,A,V,E,",",5,4,8,1,","
F,A,L,S,E,",",1,2,5, ,E, ,G,R,A,N,D, ,A,V,E,",",5,4,8,2,","
F,A,L,S,E,",",3,9,0,0, ,S, ,D,R, ,M,A,R,T,I,N, ,L,U,T,H,E,R, ,K,I,N,G, ,J,R, ,D,R,",",5,4,8,3,","
F,A,L,S,E,",",3,3,5, ,W, ,G,R,A,N,D, ,A,V,E,",",5,4,8,4,","
F,A,L,S,E,",",1,0,0, ,E, ,G,R,A,N,D, ,A,V,E,",",5,4,8,5,","
F,A,L,S,E,",",2,2,0, ,E, ,G,R,A,N,D, ,A,V,E,",",5,4,8,6,","
F,A,L,S,E,",",1, ,W, ,G,R,A,N,D, ,A,V,E,",",5,4,8,7,","
F,A,L,S,E,",",6,9,5, ,E, ,G,R,A,N,D, ,A,V,E,",",5,4,8,8,","
F,A,L,S,E,",",5,0,0, ,W, ,G,R,A,N,D, ,A,V,E,",",5,4,8,9,","
F,A,L,S,E,",",2,0,0, ,W, ,G,R,A,N,D, ,A,V,E,",",5,4,9,0,","
F,A,L,S,E,",",1,2,5, ,E, ,G,R,A,N,D, ,A,V,E,",",5,4,9,1,","
F,A,L,S,E,",",5,0,0, ,W, ,H,A,R,R,I,S,O,N, ,S,T,",",5,4,9,2,","
F,A,L,S,E,",",7,0,0, ,W, ,H,A,R,R,I,S,O,N, ,S,T,",",5,4,9,3,","
F,A,L,S,E,",",3,5,0, ,E, ,3,1,S,T, ,S,T,",",5,4,9,4,","
F,A,L,S,E,",",1,5,0, ,W, ,H,A,R,R,I,S,O,N, ,S,T,",",5,4,9,5,","
F,A,L,S,E,",",3,0,0, ,W, ,H,A,R,R,I,S,O,N, ,S,T,",",5,4,9,6,","
F,A,L,S,E,",",8,0,0, ,W, ,H,A,R,R,I,S,O,N, ,S,T,",",5,4,9,7,","
F,A,L,S,E,",",2,0,0, ,W, ,H,A,R,R,I,S,O,N, ,S,T,",",5,4,9,8,","
F,A,L,S,E,",",1,1,0,0, ,N, ,W,E,L,L,S, ,S,T,",",5,4,9,9,","
F,A,L,S,E,",",1,0,5,0, ,N, ,H,A,L,S,T,E,D, ,S,T,",",5,5,0,0,","
F,A,L,S,E,",",1,0,0, ,W, ,H,U,B,B,A,R,D, ,S,T,",",5,5,0,1,","
F,A,L,S,E,",",3,4,0, ,W, ,H,U,B,B,A,R,D, ,S,T,",",5,5,0,2,","
F,A,L,S,E,",",1, ,W, ,H,U,B,B,A,R,D, ,S,T,",",5,5,0,3,","
F,A,L,S,E,",",7,0,0, ,W, ,H,U,B,B,A,R,D, ,S,T,",",5,5,0,4,","
F,A,L,S,E,",",4,8,3,1, ,W, ,A,R,M,I,T,A,G,E, ,A,V,E,",",5,5,0,5,","
F,A,L,S,E,",",7,0,0, ,N, ,C,L,A,R,K, ,S,T,",",5,5,0,6,","
F,A,L,S,E,",",4,0, ,W, ,H,U,R,O,N, ,S,T,",",5,5,0,7,","
F,A,L,S,E,",",4,3,5, ,W, ,H,U,R,O,N, ,S,T,",",5,5,0,8,","
F,A,L,S,E,",",3,0,0, ,W, ,H,U,R,O,N, ,S,T,",",5,5,0,9,","
F,A,L,S,E,",",1,0,0, ,E, ,H,U,R,O,N, ,S,T,",",5,5,1,0,","
F,A,L,S,E,",",2,0,0, ,E, ,H,U,R,O,N, ,S,T,",",5,5,1,1,","
F,A,L,S,E,",",1, ,E, ,H,U,R,O,N, ,S,T,",",5,5,1,2,","
F,A,L,S,E,",",2,0,0, ,W, ,H,U,R,O,N, ,S,T,",",5,5,1,3,","
F,A,L,S,E,",",3,0,0, ,E, ,I,L,L,I,N,O,I,S, ,S,T,",",5,5,1,4,","
F,A,L,S,E,",",4,0, ,W, ,I,L,L,I,N,O,I,S, ,S,T,",",5,5,1,5,","
F,A,L,S,E,",",4,4,2,5, ,W, ,A,R,M,I,T,A,G,E, ,A,V,E,",",5,5,1,6,","
F,A,L,S,E,",",3,0,0, ,W, ,I,L,L,I,N,O,I,S, ,S,T,",",5,5,1,7,","
F,A,L,S,E,",",1,3,5, ,W, ,I,L,L,I,N,O,I,S, ,S,T,",",5,5,1,8,","
F,A,L,S,E,",",4,0,0, ,E, ,I,L,L,I,N,O,I,S, ,S,T,",",5,5,1,9,","
F,A,L,S,E,",",1,3,7, ,E, ,I,L,L,I,N,O,I,S, ,S,T,",",5,5,2,0,","
F,A,L,S,E,",",5,0,0, ,E, ,I,L,L,I,N,O,I,S, ,S,T,",",5,5,2,1,","
F,A,L,S,E,",",3,5, ,E, ,I,L,L,I,N,O,I,S, ,S,T,",",5,5,2,2,","
F,A,L,S,E,",",5,0,0, ,W, ,J,A,C,K,S,O,N, ,B,L,V,D,",",5,5,2,3,","
F,A,L,S,E,",",1,0,0, ,W, ,J,A,C,K,S,O,N, ,B,L,V,D,",",5,5,2,4,","
F,A,L,S,E,",",3,0,0, ,E, ,J,A,C,K,S,O,N, ,D,R,",",5,5,2,5,","
F,A,L,S,E,",",4,0, ,W, ,J,A,C,K,S,O,N, ,B,L,V,D,",",5,5,2,6,","
F,A,L,S,E,",",5,0,0,2, ,S, ,A,R,C,H,E,R, ,A,V,E,",",5,5,2,7,","
F,A,L,S,E,",",1,5,0, ,W, ,J,A,C,K,S,O,N, ,B,L,V,D,",",5,5,2,8,","
F,A,L,S,E,",",3,0,0, ,W, ,J,A,C,K,S,O,N, ,B,L,V,D,",",5,5,2,9,","
F,A,L,S,E,",",8,0,0, ,W, ,J,A,C,K,S,O,N, ,B,L,V,D,",",5,5,3,0,","
F,A,L,S,E,",",1,5,0, ,W, ,J,A,C,K,S,O,N, ,B,L,V,D,",",5,5,3,1,","
F,A,L,S,E,",",3,0,0, ,S, ,L,A,K,E, ,S,H,O,R,E, ,D,R, ,S,B,",",5,5,3,2,","
F,A,L,S,E,",",3,0,0, ,S, ,M,I,C,H,I,G,A,N, ,A,V,E,",",5,5,3,3,","
F,A,L,S,E,",",3,5,0, ,W, ,J,A,C,K,S,O,N, ,B,L,V,D,",",5,5,3,4,","
F,A,L,S,E,",",2,0,0, ,W, ,J,A,C,K,S,O,N, ,B,L,V,D,",",5,5,3,5,","
F,A,L,S,E,",",3,5,0, ,N, ,H,A,L,S,T,E,D, ,S,T,",",5,5,3,6,","
F,A,L,S,E,",",4,0, ,W, ,K,I,N,Z,I,E, ,S,T,",",5,5,3,7,","
F,A,L,S,E,",",1,6,0,0, ,S, ,S,P,A,U,L,D,I,N,G, ,A,V,E,",",5,5,3,8,","
F,A,L,S,E,",",4,1,0, ,N, ,D,E,S,P,L,A,I,N,E,S, ,S,T,",",5,5,3,9,","
F,A,L,S,E,",",3,0,0, ,W, ,K,I,N,Z,I,E, ,S,T,",",5,5,4,0,","
F,A,L,S,E,",",3,9,0, ,W, ,K,I,N,Z,I,E, ,S,T,",",5,5,4,1,","
F,A,L,S,E,",",4,0,0, ,N, ,L,A, ,S,A,L,L,E, ,D,R,",",5,5,4,2,","
F,A,L,S,E,",",3,4,0, ,W, ,K,I,N,Z,I,E, ,S,T,",",5,5,4,3,","
F,A,L,S,E,",",2,0,0, ,W, ,K,I,N,Z,I,E, ,S,T,",",5,5,4,4,","
F,A,L,S,E,",",5,0,0, ,W, ,L,A,K,E, ,S,T,",",5,5,4,5,","
F,A,L,S,E,",",1,0,0, ,W, ,L,A,K,E, ,S,T,",",5,5,4,6,","
F,A,L,S,E,",",6,3,5, ,W, ,L,A,K,E, ,S,T,",",5,5,4,7,","
F,A,L,S,E,",",8,0,0, ,W, ,L,A,K,E, ,S,T,",",5,5,4,8,","
F,A,L,S,E,",",2,0,1, ,S, ,K,E,D,Z,I,E, ,A,V,E,",",5,5,4,9,","
F,A,L,S,E,",",6,0,0, ,W, ,L,A,K,E, ,S,T,",",5,5,5,0,","
F,A,L,S,E,",",1,0,0, ,E, ,L,A,K,E, ,S,T,",",5,5,5,1,","
F,A,L,S,E,",",3,4,0, ,W, ,L,A,K,E, ,S,T,",",5,5,5,2,","
F,A,L,S,E,",",2,0,0, ,W, ,L,A,K,E, ,S,T,",",5,5,5,3,","
F,A,L,S,E,",",1, ,W, ,L,A,K,E, ,S,T,",",5,5,5,4,","
F,A,L,S,E,",",5,0,0, ,S, ,L,A,K,E, ,S,H,O,R,E, ,D,R, ,S,B,",",5,5,5,5,","
F,A,L,S,E,",",1,0,0, ,W, ,M,A,D,I,S,O,N, ,S,T,",",5,5,5,6,","
F,A,L,S,E,",",5,5,0, ,W, ,M,A,D,I,S,O,N, ,S,T,",",5,5,5,7,","
F,A,L,S,E,",",2,0,0,0, ,W, ,M,A,D,I,S,O,N, ,S,T,",",5,5,5,8,","
F,A,L,S,E,",",4,0, ,W, ,M,A,D,I,S,O,N, ,S,T,",",5,5,5,9,","
F,A,L,S,E,",",2,7,0,0, ,N, ,K,I,L,B,O,U,R,N, ,A,V,E,",",5,5,6,0,","
F,A,L,S,E,",",6,3,5, ,W, ,M,A,D,I,S,O,N, ,S,T,",",5,5,6,1,","
F,A,L,S,E,",",3,0,0, ,W, ,M,A,D,I,S,O,N, ,S,T,",",5,5,6,2,","
F,A,L,S,E,",",8,0,0, ,W, ,M,A,D,I,S,O,N, ,S,T,",",5,5,6,3,","
F,A,L,S,E,",",1, ,N, ,L,A, ,S,A,L,L,E, ,S,T,",",5,5,6,4,","
F,A,L,S,E,",",5,1,0,0, ,W, ,B,E,L,M,O,N,T, ,A,V,E,",",5,5,6,5,","
T,R,U,E,",",1,4,2,0, ,N, ,S,p,a,u,l,d,i,n,g, ,A,v,e,",",5,5,6,6,","
F,A,L,S,E,",",6,3,0,1, ,S, ,S,T,O,N,Y, ,I,S,L,A,N,D, ,A,V,E,",",5,5,6,7,","
F,A,L,S,E,",",1,1,2,0,1, ,S, ,W,A,L,L,A,C,E, ,S,T,",",5,5,6,8,","
F,A,L,S,E,",",4,5,0,1, ,S, ,D,R,E,X,E,L, ,B,L,V,D,",",5,5,6,9,","
F,A,L,S,E,",",5,1,0,1, ,S, ,H,A,R,P,E,R, ,A,V,E,",",5,5,7,0,","
F,A,L,S,E,",",8,0,0, ,E, ,7,9,T,H, ,S,T,",",5,5,7,1,","
F,A,L,S,E,",",6,3,0,0, ,W, ,B,A,R,R,Y, ,A,V,E,",",5,5,7,2,","
F,A,L,S,E,",",5,4,3, ,N, ,W,A,L,L,E,R, ,A,V,E,",",5,5,7,3,","
F,A,L,S,E,",",4,6,5,2, ,N, ,K,I,M,B,A,L,L, ,A,V,E,",",5,5,7,4,","
F,A,L,S,E,",",6,3,5,3, ,W, ,5,5,T,H, ,S,T,",",5,5,7,5,","
T,R,U,E,",",5,8,5,7, ,W, ,A,u,g,u,s,t,a, ,B,l,v,d,",",5,5,7,6,","
F,A,L,S,E,",",8,0,2, ,S, ,S,A,C,R,A,M,E,N,T,O, ,B,L,V,D,",",5,5,7,7,","
F,A,L,S,E,",",4,3,0,1, ,W, ,W,A,B,A,N,S,I,A, ,A,V,E,",",5,5,7,8,","
F,A,L,S,E,",",7,0,0, ,W, ,G,A,R,F,I,E,L,D, ,B,L,V,D,",",5,5,7,9,","
F,A,L,S,E,",",1,1,5,7, ,S, ,S,A,C,R,A,M,E,N,T,O, ,B,L,V,D,",",5,5,8,0,","
F,A,L,S,E,",",8,0,5,9, ,S, ,R,A,C,I,N,E, ,A,V,E,",",5,5,8,1,","
F,A,L,S,E,",",2,0,4, ,N, ,P,I,N,E, ,A,V,E,",",5,5,8,2,","
F,A,L,S,E,",",3,0,5,8, ,N, ,C,I,C,E,R,O, ,A,V,E,",",5,5,8,3,","
T,R,U,E,",",1,0,9,3,1, ,S, ,R,a,c,i,n,e, ,A,v,e,",",5,5,8,4,","
F,A,L,S,E,",",1,4,0,0, ,W, ,M,A,D,I,S,O,N, ,S,T,",",5,5,8,5,","
F,A,L,S,E,",",3,5,0, ,W, ,M,A,D,I,S,O,N, ,S,T,",",5,5,8,6,","
F,A,L,S,E,",",1,9,0,0, ,W, ,M,A,D,I,S,O,N, ,S,T,",",5,5,8,7,","
F,A,L,S,E,",",1,8,0,0, ,W, ,M,A,D,I,S,O,N, ,S,T,",",5,5,8,8,","
F,A,L,S,E,",",1,4,0,0, ,S, ,L,A,K,E, ,S,H,O,R,E, ,D,R, ,E,",",5,5,8,9,","
F,A,L,S,E,",",1,4,0,0, ,S, ,L,A,K,E, ,S,H,O,R,E, ,D,R, ,E,",",5,5,9,0,","
F,A,L,S,E,",",9,8, ,S, ,C,A,N,A,L, ,S,T,",",5,5,9,1,","
F,A,L,S,E,",",3,9,0, ,W, ,M,O,N,R,O,E, ,S,T,",",5,5,9,2,","
F,A,L,S,E,",",3,9,0, ,W, ,M,O,N,R,O,E, ,S,T,",",5,5,9,3,","
F,A,L,S,E,",",1,0,0, ,W, ,M,O,N,R,O,E, ,S,T,",",5,5,9,4,","
F,A,L,S,E,",",3,0,1, ,E, ,M,O,N,R,O,E, ,D,R,",",5,5,9,5,","
F,A,L,S,E,",",1,4,0,1, ,E, ,7,0,T,H, ,S,T,",",5,5,9,6,","
F,A,L,S,E,",",2,9,8, ,W, ,M,O,N,R,O,E, ,S,T,",",5,5,9,7,","
F,A,L,S,E,",",2,9,8, ,W, ,M,O,N,R,O,E, ,S,T,",",5,5,9,8,","
F,A,L,S,E,",",1,0,0, ,S, ,H,A,L,S,T,E,D, ,S,T,",",5,5,9,9,","
F,A,L,S,E,",",1,0,0, ,S, ,S,T,A,T,E, ,S,T,",",5,6,0,0,","
F,A,L,S,E,",",3,5,1, ,W, ,M,O,N,R,O,E, ,S,T,",",5,6,0,1,","
F,A,L,S,E,",",2,0,0, ,W, ,M,O,N,R,O,E, ,S,T,",",5,6,0,2,","
F,A,L,S,E,",",1,8,0,0, ,W, ,M,O,N,R,O,E, ,S,T,",",5,6,0,3,","
F,A,L,S,E,",",1,2,0,1, ,E, ,7,2,N,D, ,S,T,",",5,6,0,4,","
F,A,L,S,E,",",1,3,5,9, ,E, ,7,5,T,H, ,S,T,",",5,6,0,5,","
F,A,L,S,E,",",4,3,0,1, ,W, ,8,4,T,H, ,S,T,",",5,6,0,6,","
F,A,L,S,E,",",3,3,0,0, ,W, ,C,R,Y,S,T,A,L, ,S,T,",",5,6,0,7,","
F,A,L,S,E,",",2,7,1,4, ,W, ,H,A,R,R,I,S,O,N, ,S,T,",",5,6,0,8,","
F,A,L,S,E,",",5,5,0,1, ,S, ,S,A,W,Y,E,R, ,A,V,E,",",5,6,0,9,","
F,A,L,S,E,",",4,3,5, ,W, ,O,A,K, ,S,T,",",5,6,1,0,","
F,A,L,S,E,",",1,3,7, ,W, ,O,A,K, ,S,T,",",5,6,1,1,","
F,A,L,S,E,",",9,9,0, ,N, ,M,I,C,H,I,G,A,N, ,A,V,E,",",5,6,1,2,","
F,A,L,S,E,",",6,0,0, ,N, ,D,E,A,R,B,O,R,N, ,S,T,",",5,6,1,3,","
F,A,L,S,E,",",5,9,9, ,N, ,D,E,S,P,L,A,I,N,E,S, ,S,T,",",5,6,1,4,","
F,A,L,S,E,",",3,0,0, ,E, ,O,H,I,O, ,S,T,",",5,6,1,5,","
F,A,L,S,E,",",6,0,0, ,N, ,F,R,A,N,K,L,I,N, ,S,T,",",5,6,1,6,","
F,A,L,S,E,",",6,0,0, ,N, ,L,A,K,E, ,S,H,O,R,E, ,D,R,",",5,6,1,7,","
F,A,L,S,E,",",6,0,0, ,N, ,M,I,C,H,I,G,A,N, ,A,V,E,",",5,6,1,8,","
F,A,L,S,E,",",4,0, ,E, ,O,H,I,O, ,S,T,",",5,6,1,9,","
F,A,L,S,E,",",6,3,0, ,N, ,M,I,C,H,I,G,A,N, ,A,V,E,",",5,6,2,0,","
F,A,L,S,E,",",6,2,0, ,N, ,O,R,L,E,A,N,S, ,S,T,",",5,6,2,1,","
F,A,L,S,E,",",6,2,0, ,N, ,R,U,S,H, ,S,T,",",5,6,2,2,","
F,A,L,S,E,",",2,0,0, ,E, ,O,N,T,A,R,I,O, ,S,T,",",5,6,2,3,","
F,A,L,S,E,",",2,0,0, ,E, ,O,N,T,A,R,I,O, ,S,T,",",5,6,2,4,","
F,A,L,S,E,",",5, ,W, ,O,N,T,A,R,I,O, ,S,T,",",5,6,2,5,","
F,A,L,S,E,",",2,0,0, ,W, ,O,N,T,A,R,I,O, ,S,T,",",5,6,2,6,","
F,A,L,S,E,",",8,2,0, ,N, ,M,I,C,H,I,G,A,N, ,A,V,E,",",5,6,2,7,","
F,A,L,S,E,",",5,0, ,E, ,P,E,A,R,S,O,N, ,S,T,",",5,6,2,8,","
F,A,L,S,E,",",8,0,0, ,S, ,C,A,N,A,L, ,S,T,",",5,6,2,9,","
F,A,L,S,E,",",8,0,0, ,S, ,D,E,S,P,L,A,I,N,E,S, ,S,T,",",5,6,3,0,","
F,A,L,S,E,",",7,9,9, ,W, ,P,O,L,K, ,S,T,",",5,6,3,1,","
F,A,L,S,E,",",2,3,0, ,S, ,F,R,A,N,K,L,I,N, ,S,T,",",5,6,3,2,","
F,A,L,S,E,",",1,5,0, ,N, ,C,L,A,R,K, ,S,T,",",5,6,3,3,","
F,A,L,S,E,",",5,4,0, ,W, ,R,A,N,D,O,L,P,H, ,S,T,",",5,6,3,4,","
F,A,L,S,E,",",2,8,0, ,E, ,R,A,N,D,O,L,P,H, ,S,T,",",5,6,3,5,","
F,A,L,S,E,",",5,0, ,W, ,R,A,N,D,O,L,P,H, ,S,T,",",5,6,3,6,","
F,A,L,S,E,",",6,3,0, ,W, ,R,A,N,D,O,L,P,H, ,S,T,",",5,6,3,7,","
F,A,L,S,E,",",8,0,0, ,W, ,R,A,N,D,O,L,P,H, ,S,T,",",5,6,3,8,","
F,A,L,S,E,",",1,5,0, ,W, ,R,A,N,D,O,L,P,H, ,S,T,",",5,6,3,9,","
F,A,L,S,E,",",4,0,7, ,W, ,R,A,N,D,O,L,P,H, ,S,T,",",5,6,4,0,","
F,A,L,S,E,",",5,0, ,E, ,R,A,N,D,O,L,P,H, ,S,T,",",5,6,4,1,","
F,A,L,S,E,",",3,6,0, ,W, ,R,A,N,D,O,L,P,H, ,S,T,",",5,6,4,2,","
F,A,L,S,E,",",3,0,0, ,W, ,R,A,N,D,O,L,P,H, ,S,T,",",5,6,4,3,","
F,A,L,S,E,",",4,9,0, ,W, ,R,O,O,S,E,V,E,L,T, ,R,D,",",5,6,4,4,","
F,A,L,S,E,",",1,2,0,0, ,S, ,C,O,L,U,M,B,U,S, ,D,R,",",5,6,4,5,","
F,A,L,S,E,",",6,0,0, ,W, ,R,O,O,S,E,V,E,L,T, ,R,D,",",5,6,4,6,","
F,A,L,S,E,",",1,2,0,0, ,S, ,L,A,K,E, ,S,H,O,R,E, ,D,R, ,E,",",5,6,4,7,","
F,A,L,S,E,",",3,0,8, ,W, ,R,O,O,S,E,V,E,L,T, ,R,D,",",5,6,4,8,","
F,A,L,S,E,",",3,0,0, ,E, ,S,U,P,E,R,I,O,R, ,S,T,",",5,6,4,9,","
F,A,L,S,E,",",3,0,0, ,W, ,S,U,P,E,R,I,O,R, ,S,T,",",5,6,5,0,","
F,A,L,S,E,",",1,3,0, ,W, ,S,U,P,E,R,I,O,R, ,S,T,",",5,6,5,1,","
F,A,L,S,E,",",4,3,0, ,E, ,S,U,P,E,R,I,O,R, ,S,T,",",5,6,5,2,","
F,A,L,S,E,",",4,0,0, ,W, ,S,U,P,E,R,I,O,R, ,S,T,",",5,6,5,3,","
F,A,L,S,E,",",3,5, ,E, ,S,U,P,E,R,I,O,R, ,S,T,",",5,6,5,4,","
F,A,L,S,E,",",1,0,0,0, ,S, ,J,E,F,F,E,R,S,O,N, ,S,T,",",5,6,5,5,","
F,A,L,S,E,",",1, ,E, ,M,O,N,R,O,E, ,S,T,",",5,6,5,6,","
F,A,L,S,E,",",1, ,S, ,M,I,C,H,I,G,A,N, ,A,V,E,",",5,6,5,7,","
F,A,L,S,E,",",1,0, ,N, ,M,I,C,H,I,G,A,N, ,A,V,E,",",5,6,5,8,","
F,A,L,S,E,",",4,0, ,N, ,M,I,C,H,I,G,A,N, ,A,V,E,",",5,6,5,9,","
F,A,L,S,E,",",6,0, ,N, ,M,I,C,H,I,G,A,N, ,A,V,E,",",5,6,6,0,","
F,A,L,S,E,",",1, ,N, ,M,I,C,H,I,G,A,N, ,A,V,E,",",5,6,6,1,","
F,A,L,S,E,",",1, ,E, ,M,O,N,R,O,E, ,S,T,",",5,6,6,2,","
F,A,L,S,E,",",1,1, ,N, ,M,I,C,H,I,G,A,N, ,A,V,E,",",5,6,6,3,","
F,A,L,S,E,",",5,5, ,N, ,M,I,C,H,I,G,A,N, ,A,V,E,",",5,6,6,4,","
F,A,L,S,E,",",9,0,0, ,N, ,H,A,L,S,T,E,D, ,S,T,",",5,6,6,5,","
F,A,L,S,E,",",4,0,0, ,N, ,M,I,C,H,I,G,A,N, ,A,V,E,",",5,6,6,6,","
F,A,L,S,E,",",4,0,0, ,N, ,R,U,S,H, ,S,T,",",5,6,6,7,","
F,A,L,S,E,",",4,3,5, ,N, ,C,O,L,U,M,B,U,S, ,D,R,",",5,6,6,8,","
T,R,U,E,",",3,2, ,W, ,9,5,t,h, ,S,t,",",5,6,6,9,","
F,A,L,S,E,",",5,0,0, ,W, ,V,A,N, ,B,U,R,E,N, ,S,T,",",5,6,7,0,","
F,A,L,S,E,",",1,0,0, ,W, ,V,A,N, ,B,U,R,E,N, ,S,T,",",5,6,7,1,","
F,A,L,S,E,",",1,5,9, ,W, ,V,A,N, ,B,U,R,E,N, ,S,T,",",5,6,7,2,","
F,A,L,S,E,",",4,0,0, ,S, ,F,R,A,N,K,L,I,N, ,S,T,",",5,6,7,3,","
F,A,L,S,E,",",8,0,0, ,W, ,V,A,N, ,B,U,R,E,N, ,S,T,",",5,6,7,4,","
F,A,L,S,E,",",1, ,W, ,V,A,N, ,B,U,R,E,N, ,S,T,",",5,6,7,5,","
F,A,L,S,E,",",2,9,9, ,E, ,W,A,C,K,E,R, ,D,R,",",5,6,7,6,","
F,A,L,S,E,",",4,0, ,W, ,W,A,C,K,E,R, ,D,R,",",5,6,7,7,","
F,A,L,S,E,",",2,9,9, ,N, ,F,I,E,L,D, ,B,L,V,D,",",5,6,7,8,","
F,A,L,S,E,",",2,9,9, ,W, ,W,A,C,K,E,R, ,D,R,",",5,6,7,9,","
F,A,L,S,E,",",1,9,9, ,W, ,W,A,C,K,E,R, ,D,R,",",5,6,8,0,","
F,A,L,S,E,",",3,3,0, ,N, ,L,A,K,E, ,S,H,O,R,E, ,D,R, ,N,B,",",5,6,8,1,","
F,A,L,S,E,",",2,4,9, ,N, ,S,T,A,T,E, ,S,T,",",5,6,8,2,","
F,A,L,S,E,",",4,1, ,E, ,W,A,C,K,E,R, ,D,R,",",5,6,8,3,","
F,A,L,S,E,",",2,0,0, ,W, ,W,A,C,K,E,R, ,D,R,",",5,6,8,4,","
F,A,L,S,E,",",2,0,1, ,W, ,W,A,L,T,O,N, ,S,T,",",5,6,8,5,","
F,A,L,S,E,",",5,0,0, ,W, ,W,A,S,H,I,N,G,T,O,N, ,B,L,V,D,",",5,6,8,6,","
F,A,L,S,E,",",4,0,0, ,W, ,W,A,S,H,I,N,G,T,O,N, ,S,T,",",5,6,8,7,","
F,A,L,S,E,",",2,4,0,6, ,N, ,M,A,R,M,O,R,A, ,A,V,E,",",5,6,8,8,","
F,A,L,S,E,",",1,0,0, ,N, ,C,L,A,R,K, ,S,T,",",5,6,8,9,","
F,A,L,S,E,",",4,0, ,W, ,W,A,S,H,I,N,G,T,O,N, ,S,T,",",5,6,9,0,","
F,A,L,S,E,",",8,0,0, ,W, ,W,A,S,H,I,N,G,T,O,N, ,B,L,V,D,",",5,6,9,1,","
F,A,L,S,E,",",1,5,0, ,W, ,W,A,S,H,I,N,G,T,O,N, ,S,T,",",5,6,9,2,","
F,A,L,S,E,",",1,0,0, ,N, ,M,I,C,H,I,G,A,N, ,A,V,E,",",5,6,9,3,","
F,A,L,S,E,",",1,0,0, ,N, ,S,T,A,T,E, ,S,T,",",5,6,9,4,","
F,A,L,S,E,",",3,5,0, ,W, ,W,A,S,H,I,N,G,T,O,N, ,S,T,",",5,6,9,5,","
F,A,L,S,E,",",1,0,0, ,N, ,W,E,L,L,S, ,S,T,",",5,6,9,6,","
F,A,L,S,E,",",2,0,0, ,W, ,W,A,S,H,I,N,G,T,O,N, ,S,T,",",5,6,9,7,","
F,A,L,S,E,",",1,9,9, ,W, ,W,E,N,D,E,L,L, ,S,T,",",5,6,9,8,","
F,A,L,S,E,",",3,5,5,8, ,W, ,M,C, ,L,E,A,N, ,A,V,E,",",5,6,9,9,","
F,A,L,S,E,",",4,0,0, ,N, ,C,O,L,U,M,B,U,S, ,D,R,",",5,7,0,0,","
F,A,L,S,E,",",4,0,1, ,N, ,C,O,L,U,M,B,U,S, ,D,R,",",5,7,0,1,","
F,A,L,S,E,",",3,8,0, ,N, ,M,I,C,H,I,G,A,N, ,A,V,E,",",5,7,0,2,","
F,A,L,S,E,",",3,1,3, ,S, ,D,E,A,R,B,O,R,N, ,S,T,",",5,7,0,3,","
F,A,L,S,E,",",3,1,2, ,S, ,D,E,A,R,B,O,R,N, ,S,T,",",5,7,0,4,","
F,A,L,S,E,",",3,0,9, ,N, ,L,A, ,S,A,L,L,E, ,S,T,",",5,7,0,5,","
F,A,L,S,E,",",3,2,0, ,N, ,L,A, ,S,A,L,L,E, ,D,R,",",5,7,0,6,","
F,A,L,S,E,",",2,2,2, ,W, ,M,E,R,C,H,A,N,D,I,S,E, ,M,A,R,T, ,P,L,Z,",",5,7,0,7,","
F,A,L,S,E,",",2,2,2, ,W, ,M,E,R,C,H,A,N,D,I,S,E, ,M,A,R,T, ,P,L,Z,",",5,7,0,8,","
F,A,L,S,E,",",4,0,1, ,W, ,L,A,K,E, ,S,T,",",5,7,0,9,","
F,A,L,S,E,",",4,0,0, ,W, ,L,A,K,E, ,S,T,",",5,7,1,0,","
F,A,L,S,E,",",4,0,0, ,W, ,M,A,D,I,S,O,N, ,S,T,",",5,7,1,1,","
F,A,L,S,E,",",4,0,1, ,W, ,M,A,D,I,S,O,N, ,S,T,",",5,7,1,2,","
F,A,L,S,E,",",4,0,0, ,W, ,M,O,N,R,O,E, ,S,T,",",5,7,1,3,","
F,A,L,S,E,",",4,0,1, ,W, ,M,O,N,R,O,E, ,S,T,",",5,7,1,4,","
F,A,L,S,E,",",4,0,0, ,W, ,V,A,N, ,B,U,R,E,N, ,S,T,",",5,7,1,5,","
F,A,L,S,E,",",3,1,7, ,W, ,H,A,R,R,I,S,O,N, ,S,T,",",5,7,1,6,","
F,A,L,S,E,",",3,9,9, ,W, ,C,O,N,G,R,E,S,S, ,P,K,W,Y,",",5,7,1,7,","
F,A,L,S,E,",",3,0,0, ,W, ,R,O,O,S,E,V,E,L,T, ,R,D,",",5,7,1,8,","
F,A,L,S,E,",",3,8,1, ,N, ,M,I,C,H,I,G,A,N, ,A,V,E,",",5,7,1,9,","
F,A,L,S,E,",",2,5,9, ,N, ,S,T,A,T,E, ,S,T,",",5,7,2,0,","
F,A,L,S,E,",",2,5,8, ,N, ,S,T,A,T,E, ,S,T,",",5,7,2,1,","
F,A,L,S,E,",",3,4,1, ,N, ,W,A,B,A,S,H, ,A,V,E,",",5,7,2,2,","
F,A,L,S,E,",",3,4,0, ,N, ,W,A,B,A,S,H, ,A,V,E,",",5,7,2,3,","
F,A,L,S,E,",",5,2,6, ,E, ,I,L,L,I,N,O,I,S, ,S,T,",",5,7,2,4,","
F,A,L,S,E,",",3,6,4, ,N, ,M,I,C,H,I,G,A,N, ,A,V,E,",",5,7,2,5,","
F,A,L,S,E,",",2,2,0, ,W, ,W,A,C,K,E,R, ,D,R,",",5,7,2,6,","
F,A,L,S,E,",",1,2,8, ,S, ,S,T,A,T,E, ,S,T,",",5,7,2,7,","
F,A,L,S,E,",",3,1,2, ,S, ,S,T,A,T,E, ,S,T,",",5,7,2,8,","
F,A,L,S,E,",",6,0,8, ,S, ,S,T,A,T,E, ,S,T,",",5,7,2,9,","
F,A,L,S,E,",",9,5,8, ,N, ,A,S,H,L,A,N,D, ,A,V,E,",",5,7,3,0,","
F,A,L,S,E,",",1,1,6,7, ,S, ,S,T,A,T,E, ,S,T,",",5,7,3,1,","
F,A,L,S,E,",",1,3,8, ,W, ,C,E,R,M,A,K, ,R,D,",",5,7,3,2,","
F,A,L,S,E,",",1,4,2, ,W, ,3,5,T,H, ,S,T,",",5,7,3,3,","
F,A,L,S,E,",",2,2,0, ,W, ,4,7,T,H, ,S,T,",",5,7,3,4,","
F,A,L,S,E,",",2,2,0, ,W, ,G,A,R,F,I,E,L,D, ,B,L,V,D,",",5,7,3,5,","
F,A,L,S,E,",",2,2,0, ,W, ,6,3,R,D, ,S,T,",",5,7,3,6,","
F,A,L,S,E,",",1,5, ,W, ,6,9,T,H, ,S,T,",",5,7,3,7,","
F,A,L,S,E,",",1,5, ,W, ,7,9,T,H, ,S,T,",",5,7,3,8,","
F,A,L,S,E,",",1,5, ,W, ,8,7,T,H, ,S,T,",",5,7,3,9,","
F,A,L,S,E,",",1,5, ,W, ,9,5,T,H, ,S,T,",",5,7,4,0,","
F,A,L,S,E,",",5,1,3,2, ,W, ,C,H,I,C,A,G,O, ,A,V,E,",",5,7,4,1,","
F,A,L,S,E,",",3,2,0,0, ,W, ,L,A,K,E, ,S,T,",",5,7,4,2,","
F,A,L,S,E,",",3,5,2,5, ,S, ,L,E,A,V,I,T,T, ,S,T,",",5,7,4,3,","
F,A,L,S,E,",",1,9,0,9, ,N, ,W,E,S,T,E,R,N, ,A,V,E,",",5,7,4,4,","
F,A,L,S,E,",",4,6,9,9, ,N, ,K,I,M,B,A,L,L, ,A,V,E,",",5,7,4,5,","
F,A,L,S,E,",",4,6,0,0, ,N, ,K,E,D,Z,I,E, ,A,V,E,",",5,7,4,6,","
F,A,L,S,E,",",4,6,9,9, ,N, ,F,R,A,N,C,I,S,C,O, ,A,V,E,",",5,7,4,7,","
F,A,L,S,E,",",4,6,6,4, ,N, ,R,O,C,K,W,E,L,L, ,S,T,",",5,7,4,8,","
F,A,L,S,E,",",4,6,6,3, ,N, ,W,E,S,T,E,R,N, ,A,V,E,",",5,7,4,9,","
F,A,L,S,E,",",1,2,5, ,N, ,C,A,L,I,F,O,R,N,I,A, ,A,V,E,",",5,7,5,0,","
F,A,L,S,E,",",3,3,5,5, ,W, ,B,E,L,M,O,N,T, ,A,V,E,",",5,7,5,1,","
F,A,L,S,E,",",3,2,8,5, ,W, ,B,E,L,M,O,N,T, ,A,V,E,",",5,7,5,2,","
F,A,L,S,E,",",3,2,0, ,S, ,S,T,A,T,E, ,S,T,",",5,7,5,3,","
F,A,L,S,E,",",2,1,8,8, ,S, ,K,O,S,T,N,E,R, ,A,V,E,",",5,7,5,4,","
F,A,L,S,E,",",2,0,0,5, ,S, ,P,U,L,A,S,K,I, ,R,D,",",5,7,5,5,","
F,A,L,S,E,",",1,9,1,5, ,S, ,C,E,N,T,R,A,L, ,P,A,R,K, ,A,V,E,",",5,7,5,6,","
F,A,L,S,E,",",1,9,4,4, ,S, ,K,E,D,Z,I,E, ,A,V,E,",",5,7,5,7,","
F,A,L,S,E,",",2,0,1,1, ,S, ,C,A,L,I,F,O,R,N,I,A, ,A,V,E,",",5,7,5,8,","
F,A,L,S,E,",",8,4,0,1, ,S, ,K,O,L,I,N, ,A,V,E,",",5,7,5,9,","
F,A,L,S,E,",",2,0,0,9, ,S, ,W,E,S,T,E,R,N, ,A,V,E,",",5,7,6,0,","
F,A,L,S,E,",",2,0,1,0, ,S, ,D,A,M,E,N, ,A,V,E,",",5,7,6,1,","
F,A,L,S,E,",",1,7,1,0, ,W, ,1,8,T,H, ,S,T,",",5,7,6,2,","
F,A,L,S,E,",",1,7,1,3, ,W, ,P,O,L,K, ,S,T,",",5,7,6,3,","
F,A,L,S,E,",",3,3,5,5, ,W, ,B,E,L,M,O,N,T, ,A,V,E,",",5,7,6,4,","
F,A,L,S,E,",",2,6,1,0, ,N, ,M,I,L,W,A,U,K,E,E, ,A,V,E,",",5,7,6,5,","
F,A,L,S,E,",",1,2,0,0, ,N, ,M,I,L,W,A,U,K,E,E, ,A,V,E,",",5,7,6,6,","
F,A,L,S,E,",",8,0,0, ,N, ,M,I,L,W,A,U,K,E,E, ,A,V,E,",",5,7,6,7,","
F,A,L,S,E,",",5,0,2, ,N, ,M,I,L,W,A,U,K,E,E, ,A,V,E,",",5,7,6,8,","
T,R,U,E,",",2,0,4, ,W, ,G,a,r,f,i,e,l,d, ,B,l,v,d,",",5,7,6,9,","
F,A,L,S,E,",",5,1,0,0, ,S, ,W,A,S,H,T,E,N,A,W, ,A,V,E,",",5,7,7,0,","
F,A,L,S,E,",",1,6,0,0, ,S, ,W,O,L,C,O,T,T, ,A,V,E,",",5,7,7,1,","
F,A,L,S,E,",",7,0,1, ,N, ,S,A,C,R,A,M,E,N,T,O, ,B,L,V,D,",",5,7,7,2,","
F,A,L,S,E,",",1,2,0,0,0, ,S, ,P,E,O,R,I,A, ,S,T,",",5,7,7,3,","
F,A,L,S,E,",",8,0,1, ,N, ,O,R,L,E,A,N,S, ,S,T,",",5,7,7,4,","
F,A,L,S,E,",",5,1,0,0, ,S, ,G,R,E,E,N,W,O,O,D, ,A,V,E,",",5,7,7,5,","
F,A,L,S,E,",",1, ,W, ,R,O,O,S,E,V,E,L,T, ,R,D,",",5,7,7,6,","
F,A,L,S,E,",",1,5,9,9, ,W, ,O,G,D,E,N, ,A,V,E,",",5,7,7,7,","
F,A,L,S,E,",",1,6,0,0, ,W, ,O,G,D,E,N, ,A,V,E,",",5,7,7,8,","
F,A,L,S,E,",",6,4,1,0, ,S, ,E,L,L,I,S, ,A,V,E,",",5,7,7,9,","
F,A,L,S,E,",",6,5,8, ,N, ,C,L,A,R,K, ,S,T,",",5,7,8,0,","
F,A,L,S,E,",",3,0,0, ,N, ,W,A,L,L,E,R, ,A,V,E,",",5,7,8,1,","
F,A,L,S,E,",",4,5,3,2, ,W, ,8,3,R,D, ,P,L,",",5,7,8,2,","
F,A,L,S,E,",",9,0,2,0, ,S, ,S,T, ,L,A,W,R,E,N,C,E, ,A,V,E,",",5,7,8,3,","
F,A,L,S,E,",",9,1,0,0, ,S, ,E,B,E,R,H,A,R,T, ,A,V,E,",",5,7,8,4,","
F,A,L,S,E,",",3,6,0,1, ,S, ,W,O,L,C,O,T,T, ,A,V,E,",",5,7,8,5,","
F,A,L,S,E,",",4,8,0,0, ,S, ,A,S,H,L,A,N,D, ,A,V,E,",",5,7,8,6,","
F,A,L,S,E,",",4,5,0,0, ,S, ,W,O,O,D, ,S,T,",",5,7,8,7,","
T,R,U,E,",",6,3,0,0, ,S, ,A,l,b,a,n,y, ,A,v,e,",",5,7,8,8,","
F,A,L,S,E,",",1,8,3,4, ,W, ,4,7,T,H, ,S,T,",",5,7,8,9,","
F,A,L,S,E,",",1,2,4, ,W, ,L,A,K,E, ,S,T,",",5,7,9,0,","
F,A,L,S,E,",",1,2,7, ,N, ,D,E,A,R,B,O,R,N, ,S,T,",",5,7,9,1,","
F,A,L,S,E,",",1,1,4, ,S, ,D,E,A,R,B,O,R,N, ,S,T,",",5,7,9,2,","
F,A,L,S,E,",",3,1,4, ,S, ,D,E,A,R,B,O,R,N, ,S,T,",",5,7,9,3,","
F,A,L,S,E,",",1,5,0, ,W, ,C,O,N,G,R,E,S,S, ,P,K,W,Y,",",5,7,9,4,","
F,A,L,S,E,",",4,2,6, ,S, ,C,L,I,N,T,O,N, ,S,T,",",5,7,9,5,","
F,A,L,S,E,",",1,5,5,9, ,N, ,C,L,Y,B,O,U,R,N, ,A,V,E,",",5,7,9,6,","
F,A,L,S,E,",",1,2,0,0, ,N, ,C,L,A,R,K, ,S,T,",",5,7,9,7,","
F,A,L,S,E,",",8,0,0, ,N, ,S,T,A,T,E, ,S,T,",",5,7,9,8,","
F,A,L,S,E,",",5,2,1, ,N, ,S,T,A,T,E, ,S,T,",",5,7,9,9,","
F,A,L,S,E,",",2,9,0,2, ,W, ,A,D,A,M,S, ,S,T,",",5,8,0,0,","
F,A,L,S,E,",",1,8,8, ,N, ,S,T,A,T,E, ,S,T,",",5,8,0,1,","
F,A,L,S,E,",",1,2,8, ,N, ,S,T,A,T,E, ,S,T,",",5,8,0,2,","
F,A,L,S,E,",",3,5,0,2, ,W, ,A,R,M,I,T,A,G,E, ,A,V,E,",",5,8,0,3,","
F,A,L,S,E,",",4,1,0,0, ,W, ,C,O,R,T,L,A,N,D, ,S,T,",",5,8,0,4,","
F,A,L,S,E,",",5,0,0,0, ,S, ,O,A,K,L,E,Y, ,A,V,E,",",5,8,0,5,","
F,A,L,S,E,",",6,9,0,1, ,S, ,N,O,R,M,A,L, ,B,L,V,D,",",5,8,0,6,","
F,A,L,S,E,",",6,5,0,1, ,S, ,W,O,O,D, ,S,T,",",5,8,0,7,","
T,R,U,E,",",5,1,0,0, ,S, ,W,o,o,d, ,S,t,",",5,8,0,8,","
T,R,U,E,",",9,0,0, ,N, ,L,a,t,r,o,b,e, ,A,v,e,",",5,8,0,9,","
F,A,L,S,E,",",4,4,5,8, ,S, ,C,I,C,E,R,O, ,A,V,E,",",5,8,1,0,","
F,A,L,S,E,",",3,0,0, ,S, ,P,U,L,A,S,K,I, ,R,D,",",5,8,1,1,","
T,R,U,E,",",2,7,1,0, ,E, ,8,9,t,h, ,S,t,",",5,8,1,2,","
F,A,L,S,E,",",1,8,5,0, ,S, ,K,E,E,L,E,R, ,A,V,E,",",5,8,1,3,","
T,R,U,E,",",6,0,0, ,N, ,H,a,m,l,i,n, ,A,v,e,",",5,8,1,4,","
T,R,U,E,",",6,1,0,0, ,S, ,C,o,t,t,a,g,e, ,G,r,o,v,e, ,A,v,e,",",5,8,1,5,","
T,R,U,E,",",7,1,0,0, ,S, ,P,a,x,t,o,n, ,A,v,e,",",5,8,1,6,","
T,R,U,E,",",4,4,2, ,N, ,L,a,r,a,m,i,e, ,A,v,e,",",5,8,1,7,","
T,R,U,E,",",1,0,1, ,W, ,1,1,5,t,h, ,S,t,",",5,8,1,8,","
T,R,U,E,",",1,1,9,5,8, ,S, ,M,i,c,h,i,g,a,n, ,A,v,e,",",5,8,1,9,","
T,R,U,E,",",1,8,2,5, ,W, ,5,1,s,t, ,S,t,",",5,8,2,0,","
T,R,U,E,",",1,0,0,0, ,N, ,H,a,m,l,i,n, ,A,v,e,",",5,8,2,1,","
T,R,U,E,",",1,6,0,0, ,W, ,H,o,w,a,r,d, ,S,t,",",5,8,2,2,","
T,R,U,E,",",9,5,8, ,W, ,5,9,t,h, ,S,t,",",5,8,2,3,","
F,A,L,S,E,",",6,1,0,0, ,S, ,D,R, ,M,A,R,T,I,N, ,L,U,T,H,E,R, ,K,I,N,G, ,J,R, ,D,R,",",5,8,2,4,","
F,A,L,S,E,",",5,6,0,0, ,W, ,G,R,A,N,D, ,A,V,E,",",5,8,2,5,","
T,R,U,E,",",5,3,5,9, ,W, ,G,r,a,n,d, ,A,v,e,",",5,8,2,6,","
T,R,U,E,",",2,2,0,1, ,N, ,L,o,n,g, ,A,v,e,",",5,8,2,7,","
T,R,U,E,",",5,4,0,2, ,W, ,G,r,a,n,d, ,A,v,e,",",5,8,2,8,","
T,R,U,E,",",2,3,2,7, ,W, ,J,a,c,k,s,o,n, ,B,l,v,d,",",5,8,2,9,","
F,A,L,S,E,",",3,5,5,8, ,S, ,C,A,L,I,F,O,R,N,I,A, ,A,V,E,",",5,8,3,0,","
T,R,U,E,",",5,5,0,0, ,W, ,M,a,d,i,s,o,n, ,S,t,",",5,8,3,1,","
T,R,U,E,",",2,8,5,9, ,W, ,2,5,t,h, ,S,t,",",5,8,3,2,","
F,A,L,S,E,",",7,0,0,0, ,S, ,W,O,O,D, ,S,T,",",5,8,3,3,","
F,A,L,S,E,",",7,0,5,8, ,S, ,H,E,R,M,I,T,A,G,E, ,A,V,E,",",5,8,3,4,","
F,A,L,S,E,",",6,8,5,9, ,S, ,A,R,T,E,S,I,A,N, ,A,V,E,",",5,8,3,5,","
F,A,L,S,E,",",6,8,5,9, ,S, ,B,I,S,H,O,P, ,S,T,",",5,8,3,6,","
F,A,L,S,E,",",6,8,5,8, ,S, ,P,A,U,L,I,N,A, ,S,T,",",5,8,3,7,","
F,A,L,S,E,",",1,2,3,4, ,W, ,9,1,S,T, ,S,T,",",5,8,3,8,","
F,A,L,S,E,",",3,1,5,9, ,N, ,B,R,O,A,D,W,A,Y,",",5,8,3,9,","
F,A,L,S,E,",",1,4,5,9, ,N, ,K,I,N,G,S,B,U,R,Y, ,S,T,",",5,8,4,0,","
T,R,U,E,",",8,0,0, ,N, ,H,o,m,a,n, ,A,v,e,",",5,8,4,1,","
F,A,L,S,E,",",3,3,5,9, ,W, ,3,7,T,H, ,P,L,",",5,8,4,2,","
F,A,L,S,E,",",2,1,2,0, ,N, ,B,I,N,G,H,A,M, ,S,T,",",5,8,4,3,","
F,A,L,S,E,",",2,7,0,3, ,W, ,C,O,R,T,E,Z, ,S,T,",",5,8,4,4,","
F,A,L,S,E,",",8,6,5,9, ,S, ,C,H,A,P,P,E,L, ,A,V,E,",",5,8,4,5,","
F,A,L,S,E,",",8,7,0,0, ,S, ,M,E,R,R,I,L,L, ,A,V,E,",",5,8,4,6,","
F,A,L,S,E,",",3,9,0,0, ,W, ,5,8,T,H, ,S,T,",",5,8,4,7,","
F,A,L,S,E,",",6,0,0,0, ,S, ,K,E,E,L,E,R, ,A,V,E,",",5,8,4,8,","
F,A,L,S,E,",",6,8,5,8, ,S, ,L,O,O,M,I,S, ,B,L,V,D,",",5,8,4,9,","
T,R,U,E,",",2,7,1,0, ,E, ,8,9,t,h, ,S,t,",",5,8,5,0,","
F,A,L,S,E,",",3,2,9,9, ,W, ,L,A,W,R,E,N,C,E, ,A,V,E,",",5,8,5,1,","
F,A,L,S,E,",",4,4,0,0, ,W, ,M,A,D,I,S,O,N, ,S,T,",",5,8,5,2,","
F,A,L,S,E,",",3,5,3,3, ,W, ,L,A,W,R,E,N,C,E, ,A,V,E,",",5,8,5,3,","
F,A,L,S,E,",",6,1,4,0, ,S, ,M,E,L,V,I,N,A, ,A,V,E,",",5,8,5,4,","
F,A,L,S,E,",",5,6,2,5, ,S, ,M,O,B,I,L,E, ,A,V,E,",",5,8,5,5,","
F,A,L,S,E,",",4,2,3,3, ,W, ,6,6,T,H, ,S,T,",",5,8,5,6,","
F,A,L,S,E,",",9,2,1, ,N, ,C,L,E,V,E,L,A,N,D, ,A,V,E,",",5,8,5,7,","
F,A,L,S,E,",",8,1,5, ,N, ,C,L,E,V,E,L,A,N,D, ,A,V,E,",",5,8,5,8,","
F,A,L,S,E,",",8,5,5, ,N, ,M,O,H,A,W,K, ,S,T,",",5,8,5,9,","
F,A,L,S,E,",",9,5,4, ,N, ,C,L,E,V,E,L,A,N,D, ,A,V,E,",",5,8,6,0,","
F,A,L,S,E,",",9,5,5, ,N, ,M,O,H,A,W,K, ,S,T,",",5,8,6,1,","
T,R,U,E,",",3,6,5,4, ,W, ,T,h,o,m,a,s, ,S,t,",",5,8,6,2,","
F,A,L,S,E,",",2,9,0,1, ,S, ,S,T,A,T,E, ,S,T,",",5,8,6,3,","
F,A,L,S,E,",",3,0,0,0, ,S, ,F,E,D,E,R,A,L, ,S,T,",",5,8,6,4,","
F,A,L,S,E,",",2,9,1,8, ,S, ,F,E,D,E,R,A,L, ,S,T,",",5,8,6,5,","
F,A,L,S,E,",",1,0,0, ,W, ,2,9,T,H, ,S,T,",",5,8,6,6,","
F,A,L,S,E,",",8,6,5, ,N, ,C,A,M,B,R,I,D,G,E, ,A,V,E,",",5,8,6,7,","
F,A,L,S,E,",",1,8,0,0, ,S, ,K,E,E,L,E,R, ,A,V,E,",",5,8,6,8,","
F,A,L,S,E,",",2,7,0,0, ,W, ,W,A,R,R,E,N, ,B,L,V,D,",",5,8,6,9,","
F,A,L,S,E,",",1,2,3,2, ,N, ,K,A,R,L,O,V, ,A,V,E,",",5,8,7,0,","
T,R,U,E,",",8,0,0, ,N, ,C,e,n,t,r,a,l, ,P,a,r,k, ,A,v,e,",",5,8,7,1,","
F,A,L,S,E,",",3,8,0,1, ,W, ,D,I,V,I,S,I,O,N, ,S,T,",",5,8,7,2,","
F,A,L,S,E,",",3,4,5, ,N, ,A,V,E,R,S, ,A,V,E,",",5,8,7,3,","
F,A,L,S,E,",",1,1,0,1, ,N, ,C,E,N,T,R,A,L, ,P,A,R,K, ,A,V,E,",",5,8,7,4,","
F,A,L,S,E,",",3,5,3,4, ,W, ,A,U,G,U,S,T,A, ,B,L,V,D,",",5,8,7,5,","
F,A,L,S,E,",",7,0,0, ,N, ,R,I,D,G,E,W,A,Y, ,A,V,E,",",5,8,7,6,","
F,A,L,S,E,",",2,7,5,9, ,W, ,M,A,D,I,S,O,N, ,S,T,",",5,8,7,7,","
F,A,L,S,E,",",2,1,0,0, ,W, ,A,D,A,M,S, ,S,T,",",5,8,7,8,","
F,A,L,S,E,",",6,1,0,0, ,N, ,R,A,V,E,N,S,W,O,O,D, ,A,V,E,",",5,8,7,9,","
F,A,L,S,E,",",1,0,4,3,1, ,S, ,L,O,N,G,W,O,O,D, ,D,R,",",5,8,8,0,","
F,A,L,S,E,",",1,1,3,0,0, ,S, ,H,E,R,M,O,S,A, ,A,V,E,",",5,8,8,1,","
F,A,L,S,E,",",6,1,7, ,E, ,4,1,S,T, ,S,T,",",5,8,8,2,","
F,A,L,S,E,",",2,3,2, ,S, ,L,A,R,A,M,I,E, ,A,V,E,",",5,8,8,3,","
T,R,U,E,",",6,1,5,8, ,S, ,K,i,m,b,a,r,k, ,A,v,e,",",5,8,8,4,","
T,R,U,E,",",4,6,5,9, ,S, ,V,i,n,c,e,n,n,e,s, ,A,v,e,",",5,8,8,5,","
T,R,U,E,",",8,3,0,1, ,S, ,S,a,g,i,n,a,w, ,A,v,e,",",5,8,8,6,","
T,R,U,E,",",3,6,5,9, ,W, ,L,a,w,r,e,n,c,e, ,A,v,e,",",5,8,8,7,","
T,R,U,E,",",1,6,0,0, ,W, ,P,r,a,t,t, ,B,l,v,d,",",5,8,8,8,","
T,R,U,E,",",1,0,5,9, ,W, ,L,a,w,r,e,n,c,e, ,A,v,e,",",5,8,8,9,","
T,R,U,E,",",4,9,0,1, ,S, ,D,r,e,x,e,l, ,B,l,v,d,",",5,8,9,0,","
T,R,U,E,",",6,3,0,0, ,S, ,A,r,t,e,s,i,a,n, ,A,v,e,",",5,8,9,1,","
T,R,U,E,",",7,7,0,0, ,S, ,S,o,u,t,h, ,C,h,i,c,a,g,o, ,A,v,e,",",5,8,9,2,","
T,R,U,E,",",2,5,5,5, ,W, ,L,e, ,M,o,y,n,e, ,S,t,",",5,8,9,3,","
T,R,U,E,",",5,0,1, ,S, ,L,o,t,u,s, ,A,v,e,",",5,8,9,4,","
T,R,U,E,",",7,1,0,0, ,S, ,J,e,f,f,e,r,y, ,B,l,v,d,",",5,8,9,5,","
T,R,U,E,",",7,0,0,0, ,S, ,E,a,s,t, ,E,n,d, ,A,v,e,",",5,8,9,6,","
F,A,L,S,E,",",1,3,4,6, ,N, ,H,U,D,S,O,N, ,A,V,E,",",5,8,9,7,","
F,A,L,S,E,",",3,8,2,5, ,S, ,C,A,L,I,F,O,R,N,I,A, ,A,V,E,",",5,8,9,8,","
F,A,L,S,E,",",3,5,0,1, ,S, ,G,I,L,E,S, ,A,V,E,",",5,8,9,9,","
F,A,L,S,E,",",4,1,5,9, ,S, ,C,A,L,I,F,O,R,N,I,A, ,A,V,E,",",5,9,0,0,","
F,A,L,S,E,",",6,2,0,1, ,S, ,C,O,T,T,A,G,E, ,G,R,O,V,E, ,A,V,E,",",5,9,0,1,","
F,A,L,S,E,",",4,5,0,1, ,S, ,T,A,L,M,A,N, ,A,V,E,",",5,9,0,2,","
F,A,L,S,E,",",1,0,0, ,N, ,F,R,A,N,C,I,S,C,O, ,A,V,E,",",5,9,0,3,","
F,A,L,S,E,",",6,4,5,8, ,S, ,P,U,L,A,S,K,I, ,R,D,",",5,9,0,4,","
F,A,L,S,E,",",4,1,1,5, ,W, ,5,6,T,H, ,P,L,",",5,9,0,5,","
F,A,L,S,E,",",6,9,0,0, ,S, ,I,N,D,I,A,N,A, ,A,V,E,",",5,9,0,6,","
F,A,L,S,E,",",5,0,0,1, ,N, ,P,U,L,A,S,K,I, ,R,D,",",5,9,0,7,","
F,A,L,S,E,",",1,3,2, ,S, ,F,R,A,N,C,I,S,C,O, ,A,V,E,",",5,9,0,8,","
F,A,L,S,E,",",1,8,0,1, ,S, ,L,O,O,M,I,S, ,S,T,",",5,9,0,9,","
F,A,L,S,E,",",4,3,0,0, ,W, ,F,U,L,L,E,R,T,O,N, ,A,V,E,",",5,9,1,0,","
T,R,U,E,",",1,0,0, ,S, ,S,p,r,i,n,g,f,i,e,l,d, ,A,v,e,",",5,9,1,1,","
F,A,L,S,E,",",5,2,0,0, ,W, ,F,U,L,T,O,N, ,S,T,",",5,9,1,2,","
F,A,L,S,E,",",5,3,0,0, ,W, ,F,U,L,T,O,N, ,S,T,",",5,9,1,3,","
F,A,L,S,E,",",1,6,2, ,N, ,L,A,R,A,M,I,E, ,A,V,E,",",5,9,1,4,","
F,A,L,S,E,",",1,0,3,4,3, ,S, ,C,H,U,R,C,H, ,S,T,",",5,9,1,5,","
F,A,L,S,E,",",1,5,0,0, ,W, ,1,0,2,N,D, ,P,L,",",5,9,1,6,","
F,A,L,S,E,",",1,8,0,5, ,W, ,9,1,S,T, ,P,L,",",5,9,1,7,","
F,A,L,S,E,",",2,4,5,9, ,W, ,L,E,X,I,N,G,T,O,N, ,S,T,",",5,9,1,8,","
F,A,L,S,E,",",6,2,0,1, ,S, ,L,A,F,L,I,N, ,S,T,",",5,9,1,9,","
F,A,L,S,E,",",7,5,0,0, ,N, ,H,O,Y,N,E, ,A,V,E,",",5,9,2,0,","
T,R,U,E,",",4,0,1, ,S, ,C,e,n,t,r,a,l, ,A,v,e,",",5,9,2,1,","
F,A,L,S,E,",",1,5,5,8, ,W, ,J,O,N,Q,U,I,L, ,T,E,R,",",5,9,2,2,","
F,A,L,S,E,",",1,0,0,0,1, ,S, ,W,A,L,L,A,C,E, ,S,T,",",5,9,2,3,","
F,A,L,S,E,",",1,1,6,0,1, ,S, ,P,R,A,I,R,I,E, ,A,V,E,",",5,9,2,4,","
F,A,L,S,E,",",1,0,8,0,1, ,S, ,W,A,B,A,S,H, ,A,V,E,",",5,9,2,5,","
F,A,L,S,E,",",1,0,6,4,5, ,S, ,E,D,B,R,O,O,K,E, ,A,V,E,",",5,9,2,6,","
F,A,L,S,E,",",1,3,4,0,1, ,S, ,I,N,D,I,A,N,A, ,A,V,E,",",5,9,2,7,","
F,A,L,S,E,",",1,0,6,6,7, ,S, ,C,H,A,M,P,L,A,I,N, ,A,V,E,",",5,9,2,8,","
F,A,L,S,E,",",9,4,0,1, ,S, ,B,U,R,N,S,I,D,E, ,A,V,E,",",5,9,2,9,","
F,A,L,S,E,",",5,0,1, ,E, ,1,0,3,R,D, ,S,T,",",5,9,3,0,","
F,A,L,S,E,",",1,1,1,0,2, ,S, ,I,N,D,I,A,N,A, ,A,V,E,",",5,9,3,1,","
T,R,U,E,",",1,1,7,0,0, ,S, ,L,a, ,S,a,l,l,e, ,S,t,",",5,9,3,2,","
F,A,L,S,E,",",3,2,8, ,E, ,1,1,9,T,H, ,S,T,",",5,9,3,3,","
F,A,L,S,E,",",1,0,3,0,1, ,S, ,M,I,C,H,I,G,A,N, ,A,V,E,",",5,9,3,4,","
F,A,L,S,E,",",1,1,1,0,0, ,S, ,M,I,C,H,I,G,A,N, ,A,V,E,",",5,9,3,5,","
F,A,L,S,E,",",1,0,5,0,1, ,S, ,M,I,C,H,I,G,A,N, ,A,V,E,",",5,9,3,6,","
F,A,L,S,E,",",1,1,1,6,0, ,S, ,V,E,R,N,O,N, ,A,V,E,",",5,9,3,7,","
F,A,L,S,E,",",2,0,0, ,W, ,1,2,7,T,H, ,S,T,",",5,9,3,8,","
F,A,L,S,E,",",2,8,0,1, ,W, ,A,U,G,U,S,T,A, ,B,L,V,D,",",5,9,3,9,","
F,A,L,S,E,",",1,9,0,1, ,S, ,A,L,L,P,O,R,T, ,S,T,",",5,9,4,0,","
F,A,L,S,E,",",1,6,2,9, ,S, ,L,O,O,M,I,S, ,S,T,",",5,9,4,1,","
T,R,U,E,",",4,6,0,2, ,N, ,S,h,e,r,i,d,a,n, ,R,d,",",5,9,4,2,","
T,R,U,E,",",6,3,0,0, ,S, ,D,r, ,M,a,r,t,i,n, ,L,u,t,h,e,r, ,K,i,n,g, ,J,r, ,D,r,",",5,9,4,3,","
T,R,U,E,",",2,4,2,6, ,W, ,7,1,s,t, ,S,t,",",5,9,4,4,","
F,A,L,S,E,",",3,5,0,2, ,W, ,C,A,R,R,O,L,L, ,A,V,E,",",5,9,4,5,","
F,A,L,S,E,",",4,1,5,9, ,W, ,J,A,C,K,S,O,N, ,B,L,V,D,",",5,9,4,6,","
F,A,L,S,E,",",1,3,0,1, ,S, ,F,A,I,R,F,I,E,L,D, ,A,V,E,",",5,9,4,7,","
F,A,L,S,E,",",4,1,0,2, ,W, ,M,A,Y,P,O,L,E, ,A,V,E,",",5,9,4,8,","
F,A,L,S,E,",",1,8,5,5, ,N, ,K,E,D,V,A,L,E, ,A,V,E,",",5,9,4,9,","
F,A,L,S,E,",",4,2,5,9, ,S, ,C,O,T,T,A,G,E, ,G,R,O,V,E, ,A,V,E,",",5,9,5,0,","
F,A,L,S,E,",",2,8,6,0, ,W, ,2,1,S,T, ,S,T,",",5,9,5,1,","
T,R,U,E,",",2,3,4, ,N, ,H,o,m,a,n, ,A,v,e,",",5,9,5,2,","
F,A,L,S,E,",",2,6,0,0, ,W, ,A,U,G,U,S,T,A, ,B,L,V,D,",",5,9,5,3,","
F,A,L,S,E,",",7,0,0,1, ,W, ,5,9,T,H, ,S,T,",",5,9,5,4,","
F,A,L,S,E,",",5,0,0,3, ,W, ,4,9,T,H, ,S,T,",",5,9,5,5,","
F,A,L,S,E,",",5,2,0,0, ,S, ,L,I,N,D,E,R, ,A,V,E,",",5,9,5,6,","
F,A,L,S,E,",",6,1,0,1, ,S, ,N,A,T,O,M,A, ,A,V,E,",",5,9,5,7,","
F,A,L,S,E,",",4,2,1, ,N, ,L,A,V,E,R,G,N,E, ,A,V,E,",",5,9,5,8,","
F,A,L,S,E,",",4,8,5,9, ,W, ,E,R,I,E, ,S,T,",",5,9,5,9,","
F,A,L,S,E,",",4,8,5,9, ,W, ,H,U,B,B,A,R,D, ,S,T,",",5,9,6,0,","
F,A,L,S,E,",",4,9,5,6, ,W, ,B,E,L,L,E, ,P,L,A,I,N,E, ,A,V,E,",",5,9,6,1,","
T,R,U,E,",",7,6,5,8, ,S, ,E,x,c,h,a,n,g,e, ,A,v,e,",",5,9,6,2,","
F,A,L,S,E,",",1,6,0,1, ,S, ,D,R,A,K,E, ,A,V,E,",",5,9,6,3,","
F,A,L,S,E,",",2,0,1,0, ,N, ,A,V,E,R,S, ,A,V,E,",",5,9,6,4,","
F,A,L,S,E,",",4,1,0,1, ,W, ,A,R,M,I,T,A,G,E, ,A,V,E,",",5,9,6,5,","
F,A,L,S,E,",",4,2,0,0, ,W, ,N,O,R,T,H, ,A,V,E,",",5,9,6,6,","
F,A,L,S,E,",",3,8,3,2, ,W, ,D,I,V,E,R,S,E,Y, ,A,V,E,",",5,9,6,7,","
F,A,L,S,E,",",1,0,8,0,0, ,S, ,B,U,F,F,A,L,O, ,A,V,E,",",5,9,6,8,","
F,A,L,S,E,",",9,1,0,0, ,S, ,B,U,R,L,E,Y, ,A,V,E,",",5,9,6,9,","
F,A,L,S,E,",",1,0,4,0,1, ,S, ,A,V,E,N,U,E, ,M,",",5,9,7,0,","
F,A,L,S,E,",",6,3,4,0, ,S, ,C,I,C,E,R,O, ,A,V,E,",",5,9,7,1,","
T,R,U,E,",",6,6,0, ,W, ,D,i,v,i,s,i,o,n, ,S,t,",",5,9,7,2,","
F,A,L,S,E,",",7,1,0,1, ,S, ,S,P,R,I,N,G,F,I,E,L,D, ,A,V,E,",",5,9,7,3,","
F,A,L,S,E,",",5,2,1,0, ,W, ,6,4,T,H, ,S,T,",",5,9,7,4,","
F,A,L,S,E,",",5,7,9,9, ,S, ,K,O,S,T,N,E,R, ,A,V,E,",",5,9,7,5,","
F,A,L,S,E,",",1,4,0,0, ,W, ,C,U,L,L,E,R,T,O,N, ,S,T,",",5,9,7,6,","
F,A,L,S,E,",",2,3,0,0, ,S, ,O,A,K,L,E,Y, ,A,V,E,",",5,9,7,7,","
F,A,L,S,E,",",2,2,2,0, ,W, ,C,O,U,L,T,E,R, ,S,T,",",5,9,7,8,","
F,A,L,S,E,",",2,3,2,8, ,W, ,T,A,Y,L,O,R, ,S,T,",",5,9,7,9,","
F,A,L,S,E,",",1,8,3,4, ,S, ,T,H,R,O,O,P, ,S,T,",",5,9,8,0,","
T,R,U,E,",",1,2,4,0, ,N, ,L,a,r,r,a,b,e,e, ,S,t,",",5,9,8,1,","
F,A,L,S,E,",",4,8,0,0, ,W, ,J,A,C,K,S,O,N, ,B,L,V,D,",",5,9,8,2,","
F,A,L,S,E,",",2,2,0,0, ,S, ,A,R,C,H,E,R, ,A,V,E,",",5,9,8,3,","
F,A,L,S,E,",",2,4,2,9, ,S, ,S,T,E,W,A,R,T, ,A,V,E,",",5,9,8,4,","
F,A,L,S,E,",",5,3,0,0, ,W, ,H,U,R,O,N, ,S,T,",",5,9,8,5,","
F,A,L,S,E,",",2,0,0, ,N, ,K,A,R,L,O,V, ,A,V,E,",",5,9,8,6,","
F,A,L,S,E,",",1,1,0,0, ,S, ,C,A,L,I,F,O,R,N,I,A, ,A,V,E,",",5,9,8,7,","
F,A,L,S,E,",",6,0,3,0, ,N, ,P,A,U,L,I,N,A, ,S,T,",",5,9,8,8,","
F,A,L,S,E,",",1,3,0,0, ,S, ,H,E,A,T,H, ,A,V,E,",",5,9,8,9,","
T,R,U,E,",",9,4,1, ,N, ,C,a,m,b,r,i,d,g,e, ,A,v,e,",",5,9,9,0,","
F,A,L,S,E,",",1,0,5,9, ,N, ,K,E,Y,S,T,O,N,E, ,A,V,E,",",5,9,9,1,","
F,A,L,S,E,",",6,0,0, ,N, ,M,O,N,T,I,C,E,L,L,O, ,A,V,E,",",5,9,9,2,","
F,A,L,S,E,",",1,0,6,0, ,N, ,A,V,E,R,S, ,A,V,E,",",5,9,9,3,","
F,A,L,S,E,",",1,1,1,2, ,N, ,H,A,R,D,I,N,G, ,A,V,E,",",5,9,9,4,","
F,A,L,S,E,",",3,7,3,1, ,W, ,F,E,R,D,I,N,A,N,D, ,S,T,",",5,9,9,5,","
F,A,L,S,E,",",2,6,5,8, ,W, ,2,3,R,D, ,S,T,",",5,9,9,6,","
F,A,L,S,E,",",8,5,5, ,N, ,M,O,N,T,I,C,E,L,L,O, ,A,V,E,",",5,9,9,7,","
F,A,L,S,E,",",3,0,1, ,N, ,F,R,A,N,C,I,S,C,O, ,A,V,E,",",5,9,9,8,","
F,A,L,S,E,",",9,0,1, ,N, ,P,U,L,A,S,K,I, ,R,D,",",5,9,9,9,","
F,A,L,S,E,",",1,3,4, ,N, ,P,A,U,L,I,N,A, ,S,T,",",6,0,0,0,","
T,R,U,E,",",9,2,0, ,N, ,H,u,d,s,o,n, ,A,v,e,",",6,0,0,1,","
F,A,L,S,E,",",2,0,0,1, ,N, ,S,E,M,I,N,A,R,Y, ,A,V,E,",",6,0,0,2,","
F,A,L,S,E,",",2,0,5,9, ,N, ,H,O,W,E, ,S,T,",",6,0,0,3,","
F,A,L,S,E,",",2,0,4, ,W, ,G,O,E,T,H,E, ,S,T,",",6,0,0,4,","
F,A,L,S,E,",",6,1,2,3, ,N, ,R,A,V,E,N,S,W,O,O,D, ,A,V,E,",",6,0,0,5,","
F,A,L,S,E,",",5,7,3,2, ,N, ,S,P,A,U,L,D,I,N,G, ,A,V,E,",",6,0,0,6,","
T,R,U,E,",",4,6,0,0, ,N, ,M,a,g,n,o,l,i,a, ,A,v,e,",",6,0,0,7,","
F,A,L,S,E,",",4,9,2,7, ,W, ,W,E,S,T, ,E,N,D, ,A,V,E,",",6,0,0,8,","
F,A,L,S,E,",",1,2,0,0, ,N, ,S,P,R,I,N,G,F,I,E,L,D, ,A,V,E,",",6,0,0,9,","
F,A,L,S,E,",",1,1,5,9, ,S, ,W,A,B,A,S,H, ,A,V,E,",",6,0,1,0,","
F,A,L,S,E,",",2,5,2,0, ,W, ,1,0,3,R,D, ,S,T,",",6,0,1,1,","
F,A,L,S,E,",",1,2,0,1, ,N, ,C,E,N,T,R,A,L, ,A,V,E,",",6,0,1,2,","
T,R,U,E,",",1,2,3,1, ,N, ,B,u,r,l,i,n,g, ,S,t,",",6,0,1,3,","
F,A,L,S,E,",",5,0,0,0, ,N, ,T,R,O,Y, ,S,T,",",6,0,1,4,","
F,A,L,S,E,",",2,5,8, ,E, ,1,4,T,H, ,S,T,",",6,0,1,5,","
F,A,L,S,E,",",5,0,6,1, ,N, ,P,U,L,A,S,K,I, ,R,D,",",6,0,1,6,","
F,A,L,S,E,",",2,4,4,0, ,W, ,3,6,T,H, ,S,T,",",6,0,1,7,","
F,A,L,S,E,",",2,0,5,5, ,N, ,K,I,L,P,A,T,R,I,C,K, ,A,V,E,",",6,0,1,8,","
F,A,L,S,E,",",4,0,2,4, ,W, ,G,L,E,N,L,A,K,E, ,A,V,E,",",6,0,1,9,","
F,A,L,S,E,",",5,1,0,0, ,S, ,G,R,E,E,N,W,O,O,D, ,A,V,E,",",6,0,2,0,","
F,A,L,S,E,",",3,6,0,0, ,N, ,C,L,A,R,K, ,S,T,",",6,0,2,1,","
T,R,U,E,",",6,3,9, ,E, ,1,3,1,s,t, ,S,t,",",6,0,2,2,","
F,A,L,S,E,",",3,6,0,1, ,N, ,S,H,E,F,F,I,E,L,D, ,A,V,E,",",6,0,2,3,","
F,A,L,S,E,",",8,4,1, ,W, ,B,E,L,M,O,N,T, ,A,V,E,",",6,0,2,4,","
F,A,L,S,E,",",6,3,0,0, ,S, ,W,E,N,T,W,O,R,T,H, ,A,V,E,",",6,0,2,5,","
F,A,L,S,E,",",5,3,0,0, ,S, ,S,H,I,E,L,D,S, ,A,V,E,",",6,0,2,6,","
F,A,L,S,E,",",2,0,0, ,N, ,L,A,F,L,I,N, ,S,T,",",6,0,2,7,","
F,A,L,S,E,",",3,2,0,0, ,W, ,M,A,Y,P,O,L,E, ,A,V,E,",",6,0,2,8,","
F,A,L,S,E,",",7,8,3,1, ,S, ,W,E,S,T,E,R,N, ,A,V,E,",",6,0,2,9,","
F,A,L,S,E,",",8,1,0,1, ,S, ,S,T,O,N,Y, ,I,S,L,A,N,D, ,A,V,E,",",6,0,3,0,","
F,A,L,S,E,",",9,1,3,2, ,S, ,S,T,O,N,Y, ,I,S,L,A,N,D, ,A,V,E,",",6,0,3,1,","
T,R,U,E,",",1,3,5,8, ,W, ,W,a,s,h,b,u,r,n,e, ,A,v,e,",",6,0,3,2,","
F,A,L,S,E,",",9,1,3,3, ,S, ,S,T,O,N,Y, ,I,S,L,A,N,D, ,A,V,E,",",6,0,3,3,","
F,A,L,S,E,",",9,2,1,1, ,S, ,S,T,O,N,Y, ,I,S,L,A,N,D, ,A,V,E,",",6,0,3,4,","
F,A,L,S,E,",",2,1,0,0, ,N, ,K,E,E,L,E,R, ,A,V,E,",",6,0,3,5,","
F,A,L,S,E,",",2,0,5,9, ,N, ,K,I,L,D,A,R,E, ,A,V,E,",",6,0,3,6,","
F,A,L,S,E,",",2,3,0,0, ,W, ,5,0,T,H, ,P,L,",",6,0,3,7,","
T,R,U,E,",",1,3,3,3, ,S, ,T,h,r,o,o,p, ,S,t,",",6,0,3,8,","
F,A,L,S,E,",",8,5,8, ,E, ,1,0,4,T,H, ,S,T,",",6,0,3,9,","
F,A,L,S,E,",",7,2,0,1, ,S, ,I,N,G,L,E,S,I,D,E, ,A,V,E,",",6,0,4,0,","
F,A,L,S,E,",",5,8,2,6, ,W, ,F,U,L,T,O,N, ,S,T,",",6,0,4,1,","
F,A,L,S,E,",",5,2,0,0, ,S, ,P,A,U,L,I,N,A, ,S,T,",",6,0,4,2,","
F,A,L,S,E,",",1,3,0,1, ,W, ,5,2,N,D, ,S,T,",",6,0,4,3,","
F,A,L,S,E,",",1,2,1,6, ,S, ,L,A,F,L,I,N, ,S,T,",",6,0,4,4,","
F,A,L,S,E,",",4,1,9,6, ,S, ,A,R,C,H,E,R, ,A,V,E,",",6,0,4,5,","
F,A,L,S,E,",",4,8,5,9, ,W, ,F,E,R,D,I,N,A,N,D, ,S,T,",",6,0,4,6,","
F,A,L,S,E,",",1,3,0,2, ,W, ,1,0,3,R,D, ,S,T,",",6,0,4,7,","
F,A,L,S,E,",",5,1,0,0, ,N, ,S,H,E,R,I,D,A,N, ,R,D,",",6,0,4,8,","
F,A,L,S,E,",",4,2,5,8, ,W, ,V,A,N, ,B,U,R,E,N, ,S,T,",",6,0,4,9,","
T,R,U,E,",",1,3,2,6, ,W, ,1,3,t,h, ,S,t,",",6,0,5,0,","
T,R,U,E,",",4,0,0,0, ,S, ,P,r,a,i,r,i,e, ,A,v,e,",",6,0,5,1,","
T,R,U,E,",",2,1,5,9, ,W, ,M,a,y,p,o,l,e, ,A,v,e,",",6,0,5,2,","
T,R,U,E,",",1,1,0,0, ,W, ,W,i,n,o,n,a, ,S,t,",",6,0,5,3,","
F,A,L,S,E,",",6,5,0,1, ,S, ,O,A,K,L,E,Y, ,A,V,E,",",6,0,5,4,","
T,R,U,E,",",4,2,5,9, ,S, ,C,i,c,e,r,o, ,A,v,e,",",6,0,5,5,","
T,R,U,E,",",4,6,5,8, ,W, ,G,l,a,d,y,s, ,A,v,e,",",6,0,5,6,","
T,R,U,E,",",2,6,0,1, ,W, ,D,e,v,o,n, ,A,v,e,",",6,0,5,7,","
T,R,U,E,",",2,2,2,9, ,W, ,D,e,v,o,n, ,A,v,e,",",6,0,5,8,","
T,R,U,E,",",1,8,0,1, ,W, ,G,r,a,n,v,i,l,l,e, ,A,v,e,",",6,0,5,9,","
T,R,U,E,",",7,1,0,1, ,S, ,R,h,o,d,e,s, ,A,v,e,",",6,0,6,0,","
T,R,U,E,",",2,6,0, ,W, ,9,5,t,h, ,S,t,",",6,0,6,1,","
T,R,U,E,",",5,8,0,0, ,S, ,C,a,l,u,m,e,t, ,A,v,e,",",6,0,6,2,","
T,R,U,E,",",7,3,1, ,W, ,6,6,t,h, ,S,t,",",6,0,6,3,","
T,R,U,E,",",1,5,0,3, ,S, ,K,o,s,t,n,e,r, ,A,v,e,",",6,0,6,4,","
T,R,U,E,",",5,8,0,0, ,W, ,W,a,s,h,i,n,g,t,o,n, ,B,l,v,d,",",6,0,6,5,","
F,A,L,S,E,",",5,0,0,1, ,S, ,P,R,I,N,C,E,T,O,N, ,A,V,E,",",6,0,6,6,","
T,R,U,E,",",2,6,5,9, ,E, ,8,7,t,h, ,S,t,",",6,0,6,7,","
T,R,U,E,",",6,8,0,0, ,N, ,S,h,e,r,i,d,a,n, ,R,d,",",6,0,6,8,","
T,R,U,E,",",3,3,4,5, ,W, ,F,i,l,l,m,o,r,e, ,S,t,",",6,0,6,9,","
T,R,U,E,",",6,6,0,0, ,S, ,R,h,o,d,e,s, ,A,v,e,",",6,0,7,0,","
T,R,U,E,",",8,6,4,8, ,S, ,H,a,l,s,t,e,d, ,S,t,",",6,0,7,1,","
T,R,U,E,",",1,8,9,9, ,N, ,M,o,z,a,r,t, ,S,t,",",6,0,7,2,","
T,R,U,E,",",1,4,5,8, ,N, ,L,o,t,u,s, ,A,v,e,",",6,0,7,3,","
T,R,U,E,",",2,4,0,0, ,S, ,D,e,a,r,b,o,r,n, ,S,t,",",6,0,7,4,","
T,R,U,E,",",6,4,0,1, ,S, ,M,a,r,s,h,f,i,e,l,d, ,A,v,e,",",6,0,7,5,","
T,R,U,E,",",4,0,0,0, ,S, ,A,l,b,a,n,y, ,A,v,e,",",6,0,7,6,","
T,R,U,E,",",1,3,9,9, ,N, ,W,a,s,h,t,e,n,a,w, ,A,v,e,",",6,0,7,7,","
T,R,U,E,",",3,4,0,1, ,W, ,S,u,n,n,y,s,i,d,e, ,A,v,e,",",6,0,7,8,","
T,R,U,E,",",3,9,5,8, ,W, ,D,i,v,i,s,i,o,n, ,S,t,",",6,0,7,9,","
T,R,U,E,",",1,0,0,2, ,N, ,P,u,l,a,s,k,i, ,R,d,",",6,0,8,0,","
T,R,U,E,",",6,2,7, ,N, ,C,i,c,e,r,o, ,A,v,e,",",6,0,8,1,","
T,R,U,E,",",6,7,0,0, ,S, ,B,l,a,c,k,s,t,o,n,e, ,A,v,e,",",6,0,8,2,","
T,R,U,E,",",1,6,0,0, ,W, ,G,a,r,f,i,e,l,d, ,B,l,v,d,",",6,0,8,3,","
T,R,U,E,",",7,2,0,0, ,S, ,A,s,h,l,a,n,d, ,A,v,e,",",6,0,8,4,","
T,R,U,E,",",2,3,3,0, ,S, ,S,t,a,t,e, ,S,t,",",6,0,8,5,","
T,R,U,E,",",6,3,0,0, ,S, ,F,r,a,n,c,i,s,c,o, ,A,v,e,",",6,0,8,6,","
T,R,U,E,",",6,3,0,0, ,S, ,W,h,i,p,p,l,e, ,S,t,",",6,0,8,7,","
T,R,U,E,",",1,2,0,2, ,N, ,K,e,e,l,e,r, ,A,v,e,",",6,0,8,8,","
T,R,U,E,",",1,2,0,0, ,S, ,S,p,r,i,n,g,f,i,e,l,d, ,A,v,e,",",6,0,8,9,","
T,R,U,E,",",5,8,1,7, ,W, ,N,o,r,t,h, ,A,v,e,",",6,0,9,0,","
T,R,U,E,",",9,0,0, ,N, ,A,v,e,r,s, ,A,v,e,",",6,0,9,1,","
T,R,U,E,",",6,9,0,0, ,S, ,H,a,l,s,t,e,d, ,S,t,",",6,0,9,2,","
T,R,U,E,",",1,2,0,1, ,S, ,U,n,i,o,n, ,A,v,e,",",6,0,9,3,","
T,R,U,E,",",1,0,0,0, ,N, ,M,o,n,t,i,c,e,l,l,o, ,A,v,e,",",6,0,9,4,","
T,R,U,E,",",1,1,5,8, ,N, ,M,a,s,o,n, ,A,v,e,",",6,0,9,5,","
T,R,U,E,",",1,3,0,6,4, ,S, ,E,v,a,n,s, ,A,v,e,",",6,0,9,6,","
T,R,U,E,",",3,8,9,9, ,W, ,G,r,e,n,s,h,a,w, ,S,t,",",6,0,9,7,","
T,R,U,E,",",2,0,3,3, ,E, ,9,3,r,d, ,S,t,",",6,0,9,8,","
T,R,U,E,",",6,7,0,1, ,S, ,L,a,n,g,l,e,y, ,A,v,e,",",6,0,9,9,","
T,R,U,E,",",7,1,0,1, ,S, ,G,r,e,e,n, ,S,t,",",6,1,0,0,","
T,R,U,E,",",7,1,0,1, ,S, ,E,u,c,l,i,d, ,A,v,e,",",6,1,0,1,","
T,R,U,E,",",6,5,0,0, ,S, ,C,o,t,t,a,g,e, ,G,r,o,v,e, ,A,v,e,",",6,1,0,2,","
T,R,U,E,",",2,0,0,1, ,E, ,7,3,r,d, ,S,t,",",6,1,0,3,","
T,R,U,E,",",1,3,0,0, ,S, ,S,a,w,y,e,r, ,A,v,e,",",6,1,0,4,","
F,A,L,S,E,",",1,5,0,1, ,S, ,C,H,R,I,S,T,I,A,N,A, ,A,V,E,",",6,1,0,5,","
T,R,U,E,",",5,2,5,8, ,W, ,M,a,d,i,s,o,n, ,S,t,",",6,1,0,6,","
T,R,U,E,",",6,5,9, ,E, ,1,3,1,s,t, ,S,t,",",6,1,0,7,","
T,R,U,E,",",6,4,0,1, ,S, ,L,o,w,e, ,A,v,e,",",6,1,0,8,","
T,R,U,E,",",2,3,0,0, ,W, ,W,a,r,r,e,n, ,B,l,v,d,",",6,1,0,9,","
T,R,U,E,",",8,0,1, ,N, ,H,a,m,l,i,n, ,A,v,e,",",6,1,1,0,","
T,R,U,E,",",7,6,4, ,E, ,1,3,1,s,t, ,S,t,",",6,1,1,1,","
T,R,U,E,",",5,1,0,0, ,S, ,I,n,d,i,a,n,a, ,A,v,e,",",6,1,1,2,","
T,R,U,E,",",1,0,0,5, ,E, ,1,3,2,n,d, ,S,t,",",6,1,1,3,","
T,R,U,E,",",7,0,5, ,E, ,1,3,3,r,d, ,S,t,",",6,1,1,4,","
T,R,U,E,",",6,0,0,0, ,S, ,E,l,i,z,a,b,e,t,h, ,S,t,",",6,1,1,5,","
T,R,U,E,",",6,0,2,9, ,S, ,J,u,s,t,i,n,e, ,S,t,",",6,1,1,6,","
T,R,U,E,",",6,8,3,3, ,S, ,P,e,r,r,y, ,A,v,e,",",6,1,1,7,","
F,A,L,S,E,",",2,9,0,1, ,S, ,Q,U,I,N,N, ,S,T,",",6,1,1,8,","
T,R,U,E,",",5,5,0,0, ,S, ,W,a,s,h,t,e,n,a,w, ,A,v,e,",",6,1,1,9,","
T,R,U,E,",",7,0,0, ,S, ,C,e,n,t,r,a,l, ,P,a,r,k, ,A,v,e,",",6,1,2,0,","
T,R,U,E,",",5,7,0,0, ,S, ,T,h,r,o,o,p, ,S,t,",",6,1,2,1,","
T,R,U,E,",",4,8,5,7, ,W, ,C,h,i,c,a,g,o, ,A,v,e,",",6,1,2,2,","
F,A,L,S,E,",",2,2,5,8, ,S, ,M,A,R,S,H,A,L,L, ,B,L,V,D,",",6,1,2,3,","
T,R,U,E,",",6,9,4,4, ,N, ,G,l,e,n,w,o,o,d, ,A,v,e,",",6,1,2,4,","
T,R,U,E,",",7,1,0,0, ,S, ,V,i,n,c,e,n,n,e,s, ,A,v,e,",",6,1,2,5,","
T,R,U,E,",",6,6,0,1, ,S, ,H,e,r,m,i,t,a,g,e, ,A,v,e,",",6,1,2,6,","
T,R,U,E,",",2,4,0,0, ,N, ,T,r,i,p,p, ,A,v,e,",",6,1,2,7,","
T,R,U,E,",",2,8,2,7, ,W, ,6,3,r,d, ,S,t,",",6,1,2,8,","
T,R,U,E,",",4,4,0,0, ,S, ,L,a,m,o,n, ,A,v,e,",",6,1,2,9,","
T,R,U,E,",",3,7,0,0, ,W, ,D,i,v,i,s,i,o,n, ,S,t,",",6,1,3,0,","
T,R,U,E,",",8,7,4,9, ,S, ,L,o,w,e, ,A,v,e,",",6,1,3,1,","
T,R,U,E,",",8,0,1, ,S, ,C,a,l,i,f,o,r,n,i,a, ,A,v,e,",",6,1,3,2,","
F,A,L,S,E,",",8,2,0,0, ,S, ,E,L,L,I,S, ,A,V,E,",",6,1,3,3,","
T,R,U,E,",",1,1,9,0,0, ,S, ,S,t,a,t,e, ,S,t,",",6,1,3,4,","
T,R,U,E,",",1,2,0,0, ,S, ,H,a,l,s,t,e,d, ,S,t,",",6,1,3,5,","
T,R,U,E,",",6,3,1,5, ,S, ,A,s,h,l,a,n,d, ,A,v,e,",",6,1,3,6,","
F,A,L,S,E,",",8,0,0,1, ,S, ,C,O,L,E,S, ,A,V,E,",",6,1,3,7,","
T,R,U,E,",",5,6,0,2, ,W, ,C,o,r,c,o,r,a,n, ,P,l,",",6,1,3,8,","
T,R,U,E,",",2,7,0,1, ,S, ,S,t,a,t,e, ,S,t,",",6,1,3,9,","
T,R,U,E,",",8,8,5,5, ,S, ,W,a,l,l,a,c,e, ,S,t,",",6,1,4,0,","
T,R,U,E,",",5,1,0,0, ,W, ,C,h,i,c,a,g,o, ,A,v,e,",",6,1,4,1,","
T,R,U,E,",",5,5,0,0, ,W, ,T,h,o,m,a,s, ,S,t,",",6,1,4,2,","
T,R,U,E,",",5,4,4,0, ,W, ,C,o,r,t,e,z, ,S,t,",",6,1,4,3,","
T,R,U,E,",",8,3,0,1, ,S, ,K,e,d,z,i,e, ,A,v,e,",",6,1,4,4,","
T,R,U,E,",",4,2,0,0, ,W, ,C,r,y,s,t,a,l, ,S,t,",",6,1,4,5,","
T,R,U,E,",",7,5,8, ,N, ,P,a,r,k,s,i,d,e, ,A,v,e,",",6,1,4,6,","
T,R,U,E,",",5,6,2,8, ,S, ,S,h,i,e,l,d,s, ,A,v,e,",",6,1,4,7,","
T,R,U,E,",",6,8,0,0, ,S, ,P,r,a,i,r,i,e, ,A,v,e,",",6,1,4,8,","
T,R,U,E,",",2,7,1,0, ,S, ,D,e,a,r,b,o,r,n, ,S,t,",",6,1,4,9,","
T,R,U,E,",",7,9,0,0, ,S, ,I,n,g,l,e,s,i,d,e, ,A,v,e,",",6,1,5,0,","
T,R,U,E,",",6,1,0,0, ,S, ,E,l,l,i,s, ,A,v,e,",",6,1,5,1,","
T,R,U,E,",",7,4,0,1, ,S, ,S,t,e,w,a,r,t, ,A,v,e,",",6,1,5,2,","
T,R,U,E,",",4,0,0,1, ,E, ,1,3,4,t,h, ,S,t,",",6,1,5,3,","
T,R,U,E,",",1,0,7,5,8, ,S, ,S,t,a,t,e, ,L,i,n,e, ,R,d,",",6,1,5,4,","
T,R,U,E,",",1,0,0,3,7, ,S, ,E,w,i,n,g, ,A,v,e,",",6,1,5,5,","
T,R,U,E,",",7,5,0,0, ,S, ,V,i,n,c,e,n,n,e,s, ,A,v,e,",",6,1,5,6,","
T,R,U,E,",",4,5,3,4, ,S, ,G,r,e,e,n,w,o,o,d, ,A,v,e,",",6,1,5,7,","
F,A,L,S,E,",",3,1,5,9, ,E, ,9,3,R,D, ,S,T,",",6,1,5,8,","
T,R,U,E,",",4,0,0, ,W, ,E,v,e,r,g,r,e,e,n, ,a,v,e,",",6,1,5,9,","
T,R,U,E,",",5,6,0,0, ,W, ,M,a,d,i,s,o,n, ,S,t,",",6,1,6,0,","
T,R,U,E,",",5,2,4,6, ,W, ,G,r,a,n,d, ,A,v,e,",",6,1,6,1,","
T,R,U,E,",",1,0,0, ,S, ,S,p,a,u,l,d,i,n,g, ,A,v,e,",",6,1,6,2,","
T,R,U,E,",",1, ,S, ,S,p,a,u,l,d,i,n,g, ,A,v,e,",",6,1,6,3,","
T,R,U,E,",",3,1,8,0, ,W, ,M,a,d,i,s,o,n, ,S,t,",",6,1,6,4,","
T,R,U,E,",",3,3,5,8, ,W, ,M,a,d,i,s,o,n, ,S,t,",",6,1,6,5,","
T,R,U,E,",",3,2,0,0, ,W, ,J,a,c,k,s,o,n, ,B,l,v,d,",",6,1,6,6,","
T,R,U,E,",",4,0,0,0, ,W, ,C,h,i,c,a,g,o, ,A,v,e,",",6,1,6,7,","
T,R,U,E,",",3,9,5,9, ,W, ,C,h,i,c,a,g,o, ,A,v,e,",",6,1,6,8,","
T,R,U,E,",",4,1,0,0, ,W, ,C,h,i,c,a,g,o, ,A,v,e,",",6,1,6,9,","
T,R,U,E,",",4,3,0,0, ,S, ,R,o,c,k,w,e,l,l, ,S,t,",",6,1,7,0,","
T,R,U,E,",",3,9,0,0, ,W, ,C,h,i,c,a,g,o, ,A,v,e,",",6,1,7,1,","
T,R,U,E,",",7,0,0, ,N, ,P,u,l,a,s,k,i, ,R,d,",",6,1,7,2,","
T,R,U,E,",",3,1,3,2, ,N, ,L,e,c,l,a,i,r,e, ,A,v,e,",",6,1,7,3,","
T,R,U,E,",",3,2,5,9, ,N, ,L,a,r,a,m,i,e, ,A,v,e,",",6,1,7,4,","
T,R,U,E,",",3,3,0,1, ,N, ,L,a,v,e,r,g,n,e, ,A,v,e,",",6,1,7,5,","
T,R,U,E,",",5,0,0,1, ,W, ,B,e,l,m,o,n,t, ,A,v,e,",",6,1,7,6,","
T,R,U,E,",",3,1,5,9, ,N, ,C,i,c,e,r,o, ,A,v,e,",",6,1,7,7,","
T,R,U,E,",",1,1,3,2, ,N, ,W,e,s,t,e,r,n, ,A,v,e,",",6,1,7,8,","
T,R,U,E,",",2,6,0,0, ,W, ,D,i,v,i,s,i,o,n, ,S,t,",",6,1,7,9,","
T,R,U,E,",",2,2,5,9, ,W, ,D,i,v,i,s,i,o,n, ,S,t,",",6,1,8,0,","
T,R,U,E,",",1,8,3,4, ,S, ,L,a,f,l,i,n, ,S,t,",",6,1,8,1,","
T,R,U,E,",",3,8,2,2, ,W, ,7,9,t,h, ,S,t,",",6,1,8,2,","
T,R,U,E,",",1,5,5,9, ,W, ,D,i,v,i,s,i,o,n, ,S,t,",",6,1,8,3,","
T,R,U,E,",",8,0,0, ,N, ,A,s,h,l,a,n,d, ,A,v,e,",",6,1,8,4,","
T,R,U,E,",",1,0,3,4, ,N, ,a,s,h,l,a,n,d, ,A,v,e,",",6,1,8,5,","
T,R,U,E,",",3,1,0,1, ,N, ,N,a,r,r,a,g,a,n,s,e,t,t, ,A,v,e,",",6,1,8,6,","
T,R,U,E,",",3,2,0,1, ,N, ,A,u,s,t,i,n, ,A,v,e,",",6,1,8,7,","
T,R,U,E,",",6,3,0,1, ,W, ,B,e,l,m,o,n,t, ,A,v,e,",",6,1,8,8,","
T,R,U,E,",",3,0,5,8, ,N, ,A,u,s,t,i,n, ,A,v,e,",",6,1,8,9,","
T,R,U,E,",",2,9,5,8, ,N, ,M,o,b,i,l,e, ,A,v,e,",",6,1,9,0,","
T,R,U,E,",",3,0,5,2, ,S, ,K,o,s,t,n,e,r, ,A,v,e,",",6,1,9,1,","
T,R,U,E,",",4,6,5,9, ,S, ,I,n,d,i,a,n,a, ,A,v,e,",",6,1,9,2,","
T,R,U,E,",",4,2,2,3, ,W, ,3,1,s,t, ,S,t,",",6,1,9,3,","
T,R,U,E,",",4,1,5,7, ,W, ,3,1,s,t, ,S,t,",",6,1,9,4,","
T,R,U,E,",",4,0,3,0, ,W, ,3,1,s,t, ,S,t,",",6,1,9,5,","
T,R,U,E,",",2,0,4,7, ,S, ,B,l,u,e, ,I,s,l,a,n,d, ,A,v,e,",",6,1,9,6,","
T,R,U,E,",",2,1,5,9, ,S, ,A,s,h,l,a,n,d, ,A,v,e,",",6,1,9,7,","
T,R,U,E,",",2,1,3,2, ,S, ,L,o,o,m,i,s, ,S,t,",",6,1,9,8,","
T,R,U,E,",",2,1,3,3, ,S, ,A,s,h,l,a,n,d, ,A,v,e,",",6,1,9,9,","
T,R,U,E,",",2,1,0,1, ,S, ,A,s,h,l,a,n,d, ,A,v,e,",",6,2,0,0,","
T,R,U,E,",",2,2,3,0, ,W, ,J,a,c,k,s,o,n, ,B,l,v,d,",",6,2,0,1,","
T,R,U,E,",",2,2,5,8, ,W, ,M,o,n,r,o,e, ,S,t,",",6,2,0,2,","
T,R,U,E,",",1,4,2, ,W, ,9,5,t,h, ,s,t,",",6,2,0,3,","
T,R,U,E,",",4,0,0, ,S, ,O,a,k,l,e,y, ,B,l,v,d,",",6,2,0,4,","
T,R,U,E,",",2,1,5,9, ,W, ,A,d,a,m,s, ,S,t,",",6,2,0,5,","
T,R,U,E,",",1,3,0,2, ,S, ,A,l,b,a,n,y, ,A,v,e,",",6,2,0,6,","
T,R,U,E,",",3,0,5,9, ,W, ,D,o,u,g,l,a,s, ,D,r,",",6,2,0,7,","
T,R,U,E,",",1,3,5,8, ,S, ,S,a,c,r,a,m,e,n,t,o, ,D,r,",",6,2,0,8,","
T,R,U,E,",",3,2,0,1, ,W, ,D,o,u,g,l,a,s, ,B,l,v,d,",",6,2,0,9,","
F,A,L,S,E,",",3,5,3,9, ,W, ,C,E,R,M,A,K, ,R,D,",",6,2,1,0,","
T,R,U,E,",",3,2,5,8, ,W, ,2,3,r,d, ,S,t,",",6,2,1,1,","
T,R,U,E,",",3,3,3,2, ,W, ,2,3,r,d, ,S,t,",",6,2,1,2,","
T,R,U,E,",",3,4,1,3, ,W, ,C,e,r,m,a,k, ,R,d,",",6,2,1,3,","
T,R,U,E,",",8,9,0,1, ,S, ,B,u,r,l,e,y, ,A,v,e,",",6,2,1,4,","
T,R,U,E,",",2,4,0,1, ,S, ,C,h,r,i,s,t,i,a,n,a, ,A,v,e,",",6,2,1,5,","
T,R,U,E,",",4,4,5,8, ,W, ,W,r,i,g,h,t,w,o,o,d, ,A,v,e,",",6,2,1,6,","
T,R,U,E,",",4,3,3,0, ,W, ,W,r,i,g,h,t,w,o,o,d, ,A,v,e,",",6,2,1,7,","
T,R,U,E,",",4,3,5,8, ,W, ,A,l,t,g,e,l,d, ,S,t,",",6,2,1,8,","
T,R,U,E,",",2,5,3,1, ,N, ,L,o,w,e,l,l, ,A,v,e,",",6,2,1,9,","
T,R,U,E,",",1,9,5,7, ,N, ,K,o,s,t,n,e,r, ,A,v,e,",",6,2,2,0,","
T,R,U,E,",",2,4,5,4, ,N, ,L,o,w,e,l,l, ,A,v,e,",",6,2,2,1,","
T,R,U,E,",",4,2,3,2, ,W, ,W,a,b,a,n,s,i,a, ,A,v,e,",",6,2,2,2,","
T,R,U,E,",",1,6,5,8, ,N, ,K,o,s,t,n,e,r, ,A,v,e,",",6,2,2,3,","
T,R,U,E,",",4,3,4,2, ,W, ,N,o,r,t,h, ,A,v,e,",",6,2,2,4,","
T,R,U,E,",",5,8,5,9, ,S, ,W,a,b,a,s,h, ,A,v,e,",",6,2,2,5,","
T,R,U,E,",",1,6,5,4, ,N, ,L,o,w,e,l,l, ,A,v,e,",",6,2,2,6,","
T,R,U,E,",",3,7,5,1, ,W, ,7,9,t,h, ,S,t,",",6,2,2,7,","
T,R,U,E,",",4,1,0,0, ,W, ,7,9,t,h, ,S,t,",",6,2,2,8,","
T,R,U,E,",",8,0,0,0, ,S, ,S,p,r,i,n,g,f,i,e,l,d, ,A,v,e,",",6,2,2,9,","
T,R,U,E,",",5,2,5,7, ,S, ,P,u,l,a,s,k,i, ,R,d,",",6,2,3,0,","
T,R,U,E,",",7,9,0,5, ,S, ,P,u,l,a,s,k,i, ,R,d,",",6,2,3,1,","
T,R,U,E,",",5,6,0,1, ,S, ,W,a,s,h,t,e,n,a,w, ,A,v,e,",",6,2,3,2,","
T,R,U,E,",",2,6,4,0, ,W, ,5,7,t,h, ,S,t,",",6,2,3,3,","
T,R,U,E,",",5,7,0,1, ,S, ,R,o,c,k,w,e,l,l, ,S,t,",",6,2,3,4,","
T,R,U,E,",",2,5,5,6, ,W, ,5,9,t,h, ,S,t,",",6,2,3,5,","
T,R,U,E,",",5,6,0,0, ,W, ,W,e,s,t, ,E,n,d, ,A,v,e,",",6,2,3,6,","
T,R,U,E,",",5,6,0,1, ,S, ,F,a,i,r,f,i,e,l,d, ,A,v,e,",",6,2,3,7,","
T,R,U,E,",",3,8,5,5, ,W, ,6,3,r,d, ,S,t,",",6,2,3,8,","
T,R,U,E,",",5,6,0,0, ,S, ,N,a,r,r,a,g,a,n,s,e,t,t, ,A,v,e,",",6,2,3,9,","
T,R,U,E,",",3,9,0,1, ,W, ,6,2,n,d, ,S,t,",",6,2,4,0,","
T,R,U,E,",",6,3,2,5, ,S, ,H,a,m,l,i,n, ,A,v,e,",",6,2,4,1,","
T,R,U,E,",",4,0,1,5, ,W, ,5,6,t,h, ,S,t,",",6,2,4,2,","
T,R,U,E,",",4,0,0,5, ,W, ,5,1,s,t, ,S,t,",",6,2,4,3,","
T,R,U,E,",",5,1,6,0, ,S, ,P,u,l,a,s,k,i, ,R,d,",",6,2,4,4,","
T,R,U,E,",",4,0,2,1, ,W, ,5,5,t,h, ,S,t,",",6,2,4,5,","
T,R,U,E,",",4,0,0,6, ,W, ,5,5,t,h, ,S,t,",",6,2,4,6,","
T,R,U,E,",",6,5,5,8, ,S, ,D,a,m,e,n, ,A,v,e,",",6,2,4,7,","
T,R,U,E,",",5,7,0,0, ,S, ,N,a,r,r,a,g,a,n,s,e,t,t, ,A,v,e,",",6,2,4,8,","
T,R,U,E,",",5,4,5,0, ,S, ,M,u,l,l,i,g,a,n, ,A,v,e,",",6,2,4,9,","
T,R,U,E,",",5,5,5,9, ,S, ,M,o,b,i,l,e, ,A,v,e,",",6,2,5,0,","
T,R,U,E,",",5,6,0,1, ,S, ,K,a,r,l,o,v, ,A,v,e,",",6,2,5,1,","
T,R,U,E,",",5,6,0,1, ,S, ,W,e,s,t,e,r,n, ,A,v,e,",",6,2,5,2,","
T,R,U,E,",",3,7,0,0, ,W, ,7,9,t,h, ,S,t,",",6,2,5,3,","
T,R,U,E,",",4,9,0,0, ,S, ,A,r,c,h,e,r, ,A,v,e,",",6,2,5,4,","
T,R,U,E,",",3,2,0,2, ,N, ,L,a,r,a,m,i,e, ,A,v,e,",",6,2,5,5,","
T,R,U,E,",",4,4,0,1, ,W, ,D,i,v,e,r,s,e,y, ,A,v,e,",",6,2,5,6,","
T,R,U,E,",",8,0,1, ,N, ,P,a,u,l,i,n,a, ,S,t,",",6,2,5,7,","
T,R,U,E,",",1,1,0,1, ,E, ,9,3,r,d, ,s,t,",",6,2,5,8,","
T,R,U,E,",",2,3,5,9, ,W, ,P,o,t,o,m,a,c, ,A,v,e,",",6,2,5,9,","
T,R,U,E,",",1,3,0,0, ,N, ,C,l,a,r,e,m,o,n,t, ,A,v,e,",",6,2,6,0,","
T,R,U,E,",",1,7,0,0, ,N, ,K,e,y,s,t,o,n,e, ,A,v,e,",",6,2,6,1,","
T,R,U,E,",",1,7,5,9, ,W, ,2,1,s,t, ,P,l,",",6,2,6,2,","
T,R,U,E,",",2,7,5,9, ,N, ,N,a,r,r,a,g,a,n,s,e,t,t, ,A,v,e,",",6,2,6,3,","
T,R,U,E,",",2,4,0,2, ,W, ,T,h,o,m,a,s, ,S,t,",",6,2,6,4,","
T,R,U,E,",",3,3,5,9, ,W, ,2,3,r,d, ,S,t,",",6,2,6,5,","
T,R,U,E,",",3,2,0,0, ,W, ,1,5,t,h, ,S,t,",",6,2,6,6,","
T,R,U,E,",",3,9,2,3, ,W, ,5,1,s,t, ,S,t,",",6,2,6,7,","
T,R,U,E,",",6,2,4,1, ,S, ,H,a,m,l,i,n, ,A,v,e,",",6,2,6,8,","
T,R,U,E,",",1,2,3,0,1, ,S, ,H,a,l,s,t,e,d, ,S,t,",",6,2,6,9,","
T,R,U,E,",",5,0,1, ,W, ,6,5,t,h, ,S,t,",",6,2,7,0,","
T,R,U,E,",",1,7,4,0, ,N, ,K,i,l,d,a,r,e, ,A,v,e,",",6,2,7,1,","
T,R,U,E,",",3,4,5,8, ,S, ,S,t,a,t,e, ,S,t,",",6,2,7,2,","
T,R,U,E,",",3,4,5,8, ,S, ,S,t,a,t,e, ,S,t,",",6,2,7,3,","
T,R,U,E,",",1,5,2,1, ,S, ,M,u,s,e,u,m, ,C,a,m,p,u,s, ,D,r,",",6,2,7,4,","
T,R,U,E,",",1,5,2,1, ,S, ,M,u,s,e,u,m, ,C,a,m,p,u,s, ,D,r,",",6,2,7,5,","
T,R,U,E,",",1,5,9,9, ,S, ,M,u,s,e,u,m, ,C,a,m,p,u,s, ,D,r,",",6,2,7,6,","
T,R,U,E,",",1,4,0,0, ,S, ,M,u,s,e,u,m, ,C,a,m,p,u,s, ,D,r,",",6,2,7,7,","
T,R,U,E,",",1,5,0,0, ,S, ,M,u,s,e,u,m, ,C,a,m,p,u,s, ,D,r,",",6,2,7,8,","
T,R,U,E,",",9,6,4,8, ,S, ,C,a,l,u,m,e,t, ,R,i,v,e,r,",",6,2,7,9,","
T,R,U,E,",",1,2,6,0,0, ,S, ,C,a,l,u,m,e,t, ,R,i,v,e,r,",",6,2,8,0,","
T,R,U,E,",",2,4,3,1, ,E, ,7,5,t,h, ,S,t,",",6,2,8,1,","
T,R,U,E,",",3,7,0,0, ,W, ,C,o,n,g,r,e,s,s, ,P,k,w,y,",",6,2,8,2,","
T,R,U,E,",",3,7,0,0, ,W, ,C,o,n,g,r,e,s,s, ,P,k,w,y,",",6,2,8,3,","
T,R,U,E,",",1,0,3,0,0, ,S, ,A,b,e,r,d,e,e,n, ,S,t,",",6,2,8,4,","
T,R,U,E,",",1,0,3,0,0, ,S, ,E,l,i,z,a,b,e,t,h, ,S,t,",",6,2,8,5,","
T,R,U,E,",",1,1,1,0,0, ,S, ,N,o,r,m,a,l, ,A,v,e,",",6,2,8,6,","
T,R,U,E,",",7,5,0,0, ,S, ,C,o,n,s,t,a,n,c,e, ,A,v,e,",",6,2,8,7,","
T,R,U,E,",",5,3,0,2, ,W, ,N,o,r,t,h, ,A,v,e,",",6,2,8,8,","
T,R,U,E,",",7,6,2,5, ,S, ,C,o,n,s,t,a,n,c,e, ,A,v,e,",",6,2,8,9,","
F,A,L,S,E,",",7,6,0,0, ,S, ,E,U,C,L,I,D, ,A,V,E,",",6,2,9,0,","
T,R,U,E,",",7,6,0,1, ,S, ,C,o,n,s,t,a,n,c,e, ,A,v,e,",",6,2,9,1,","
T,R,U,E,",",7,5,5,8, ,S, ,J,e,f,f,e,r,y, ,B,l,v,d,",",6,2,9,2,","
T,R,U,E,",",7,5,0,0, ,S, ,J,e,f,f,e,r,y, ,B,l,v,d,",",6,2,9,3,","
T,R,U,E,",",1,1,1,0,0, ,S, ,W,a,l,l,a,c,e, ,S,t,",",6,2,9,4,","
T,R,U,E,",",1,0,3,0,0, ,S, ,C,o,t,t,a,g,e, ,G,r,o,v,e, ,A,v,e,",",6,2,9,5,","
T,R,U,E,",",2,5,5,0, ,N, ,K,o,s,t,n,e,r, ,A,v,e,",",6,2,9,6,","
T,R,U,E,",",2,5,3,2, ,W, ,5,1,s,t, ,S,t,",",6,2,9,7,","
F,A,L,S,E,",",5,5,9,0, ,S, ,R,U,S,S,E,L,L, ,D,R,",",6,2,9,8,","
T,R,U,E,",",3,7,3,1, ,W, ,1,6,t,h, ,S,t,",",6,2,9,9,","
T,R,U,E,",",4,6,5,9, ,S, ,D,r, ,M,a,r,t,i,n, ,L,u,t,h,e,r, ,K,i,n,g, ,J,r, ,D,r,",",6,3,0,0,","
T,R,U,E,",",5,2,0,0, ,S, ,E,l,l,s,w,o,r,t,h, ,D,r,",",6,3,0,1,","
T,R,U,E,",",6,4,0,0, ,S, ,R,o,c,k,w,e,l,l, ,S,t,",",6,3,0,2,","
T,R,U,E,",",5,7,0,0, ,S, ,P,e,o,r,i,a, ,S,t,",",6,3,0,3,","
T,R,U,E,",",2,2,0,0, ,S, ,K,i,r,k,l,a,n,d, ,A,v,e,",",6,3,0,4,","
T,R,U,E,",",5,3,0,0, ,W, ,W,a,b,a,n,s,i,a, ,A,v,e,",",6,3,0,5,","
T,R,U,E,",",1,2,0,0, ,S, ,L,a,w,n,d,a,l,e, ,A,v,e,",",6,3,0,6,","
T,R,U,E,",",7,9,0,0, ,S, ,R,i,d,g,e,l,a,n,d, ,A,v,e,",",6,3,0,7,","
T,R,U,E,",",5,2,3,5, ,W, ,N,o,r,t,h, ,A,v,e,",",6,3,0,8,","
T,R,U,E,",",7,0,0, ,N, ,L,a,v,e,r,g,n,e, ,A,v,e,",",6,3,0,9,","
T,R,U,E,",",3,8,0,0, ,W, ,A,r,m,i,t,a,g,e, ,A,v,e,",",6,3,1,0,","
T,R,U,E,",",1,1,4,5,8, ,S, ,Y,a,l,e, ,A,v,e,",",6,3,1,1,","
T,R,U,E,",",1,1,9,0,0, ,S, ,P,e,r,r,y, ,A,v,e,",",6,3,1,2,","
T,R,U,E,",",3,4,0,0, ,N, ,L,a,r,a,m,i,e, ,A,v,e,",",6,3,1,3,","
T,R,U,E,",",3,0,0,0, ,W, ,W,a,l,n,u,t, ,S,t,",",6,3,1,4,","
T,R,U,E,",",2,0,0,0, ,S, ,M,i,c,h,i,g,a,n, ,A,v,e,",",6,3,1,5,","
T,R,U,E,",",7,6,0,0, ,S, ,H,a,l,s,t,e,d, ,S,t,",",6,3,1,6,","
T,R,U,E,",",7,1,0,0, ,S, ,N,o,r,m,a,l, ,B,l,v,d,",",6,3,1,7,","
T,R,U,E,",",8,7,5,1, ,S, ,G,e,n,o,a, ,A,v,e,",",6,3,1,8,","
T,R,U,E,",",1,9,0,1, ,S, ,L,a,w,n,d,a,l,e, ,A,v,e,",",6,3,1,9,","
T,R,U,E,",",4,1,0,0, ,W, ,W,a,b,a,n,s,i,a, ,A,v,e,",",6,3,2,0,","
T,R,U,E,",",1,4,0,1, ,W, ,6,3,r,d, ,S,t,",",6,3,2,1,","
T,R,U,E,",",9,0,5,7, ,S, ,H,o,u,s,t,o,n, ,A,v,e,",",6,3,2,2,","
T,R,U,E,",",2,5,3,3, ,E, ,8,7,t,h, ,S,t,",",6,3,2,3,","
T,R,U,E,",",8,6,0,1, ,S, ,C,o,l,f,a,x, ,A,v,e,",",6,3,2,4,","
T,R,U,E,",",7,9,0,4, ,S, ,M,a,r,y,l,a,n,d, ,A,v,e,",",6,3,2,5,","
T,R,U,E,",",2,6,5,6, ,W, ,P,o,t,o,m,a,c, ,A,v,e,",",6,3,2,6,","
T,R,U,E,",",6,9,0,1, ,S, ,A,s,h,l,a,n,d, ,A,v,e,",",6,3,2,7,","
F,A,L,S,E,",",1,0,3,0,0, ,S, ,D,O,T,Y, ,A,V,E, ,E,",",6,3,2,8,","
T,R,U,E,",",7,6,1,0, ,N, ,B,o,s,w,o,r,t,h, ,A,v,e,",",6,3,2,9,","
T,R,U,E,",",2,8,3,3, ,W, ,D,i,v,i,s,i,o,n, ,S,t,",",6,3,3,0,","
T,R,U,E,",",1,6,5,8, ,W, ,7,9,t,h, ,S,t,",",6,3,3,1,","
T,R,U,E,",",4,2,0,0, ,W, ,A,u,g,u,s,t,a, ,B,l,v,d,",",6,3,3,2,","
T,R,U,E,",",2,7,5,8, ,N, ,H,o,y,n,e, ,A,v,e,",",6,3,3,3,","
T,R,U,E,",",6,0,0, ,E, ,6,7,t,h, ,S,t,",",6,3,3,4,","
T,R,U,E,",",6,9,0,1, ,S, ,W,e,s,t,e,r,n, ,A,v,e,",",6,3,3,5,","
T,R,U,E,",",7,8,5,8, ,S, ,D,r,e,x,e,l, ,A,v,e,",",6,3,3,6,","
T,R,U,E,",",4,0,0,1, ,S, ,A,r,t,e,s,i,a,n, ,A,v,e,",",6,3,3,7,","
T,R,U,E,",",3,6,4, ,W, ,O,a,k, ,S,t,",",6,3,3,8,","
F,A,L,S,E,",",4,5,0,2, ,N, ,C,L,A,R,E,N,D,O,N, ,A,V,E,",",6,3,3,9,","
T,R,U,E,",",4,7,0,0, ,S, ,W,e,s,t,e,r,n, ,A,v,e,",",6,3,4,0,","
T,R,U,E,",",5,1,3,3, ,W, ,N,o,r,t,h, ,A,v,e,",",6,3,4,1,","
T,R,U,E,",",5,0, ,E, ,9,5,t,h, ,S,t,",",6,3,4,2,","
T,R,U,E,",",1,1,1,0,0, ,S, ,H,a,l,s,t,e,d, ,S,t,",",6,3,4,3,","
T,R,U,E,",",7,0,0, ,N, ,C,h,r,i,s,t,i,a,n,a, ,A,v,e,",",6,3,4,4,","
T,R,U,E,",",9,3,0,0, ,S, ,M,a,r,q,u,e,t,t,e, ,A,v,e,",",6,3,4,5,","
T,R,U,E,",",2,0,1, ,E, ,G,a,r,f,i,e,l,d, ,B,l,v,d,",",6,3,4,6,","
T,R,U,E,",",1,0,4,0,0, ,S, ,S,t,a,t,e, ,S,t,",",6,3,4,7,","
T,R,U,E,",",4,0,4,1, ,E, ,1,1,2,t,h, ,S,t,",",6,3,4,8,","
T,R,U,E,",",2,1,4,3, ,S, ,H,o,m,a,n, ,A,v,e,",",6,3,4,9,","
T,R,U,E,",",1,0,2,4, ,W, ,1,8,t,h, ,P,l,",",6,3,5,0,","
T,R,U,E,",",1,1,5,8, ,N, ,L,e,c,l,a,i,r,e, ,A,v,e,",",6,3,5,1,","
T,R,U,E,",",5,5,0,0, ,W, ,W,a,s,h,i,n,g,t,o,n, ,B,l,v,d,",",6,3,5,2,","
T,R,U,E,",",5,7,2,4, ,N, ,N,o,r,t,h,w,e,s,t, ,H,w,y,",",6,3,5,3,","
T,R,U,E,",",3,6,0,2, ,N, ,W,e,s,t,e,r,n, ,A,v,e,",",6,3,5,4,","
T,R,U,E,",",4,2,4, ,E, ,P,e,r,s,h,i,n,g, ,R,d,",",6,3,5,5,","
T,R,U,E,",",3,9,0,0, ,S, ,I,n,d,i,a,n,a, ,A,v,e,",",6,3,5,6,","
T,R,U,E,",",3,8,0,0, ,S, ,P,r,a,i,r,i,e, ,A,v,e,",",6,3,5,7,","
T,R,U,E,",",4,6,5,8, ,N, ,C,e,n,t,r,a,l, ,P,a,r,k, ,A,v,e,",",6,3,5,8,","
T,R,U,E,",",5,2,0,2, ,N, ,K,i,m,b,a,l,l, ,A,v,e,",",6,3,5,9,","
T,R,U,E,",",3,6,0,2, ,N, ,K,i,l,b,o,u,r,n, ,A,v,e,",",6,3,6,0,","
T,R,U,E,",",1,6,0,0, ,W, ,I,r,v,i,n,g, ,P,a,r,k, ,R,d,",",6,3,6,1,","
F,A,L,S,E,",",1,3,0,1, ,N, ,L,U,I,S, ,M,U,N,O,Z, ,M,A,R,I,N, ,D,R, ,E,",",6,3,6,2,","
T,R,U,E,",",4,7,5,8, ,S, ,W,i,n,c,h,e,s,t,e,r, ,A,v,e,",",6,3,6,3,","
T,R,U,E,",",1,1,5,6, ,W, ,1,9,t,h, ,S,t,",",6,3,6,4,","
T,R,U,E,",",4,8,8,0, ,W, ,W,a,b,a,n,s,i,a, ,A,v,e,",",6,3,6,5,","
F,A,L,S,E,",",7,6,0,0, ,N, ,P,A,U,L,I,N,A, ,S,T,",",6,3,6,6,","
F,A,L,S,E,",",3,1,1,2, ,S, ,W,E,S,T,E,R,N, ,A,V,E,",",6,3,6,7,","
T,R,U,E,",",5,3,0,1, ,S, ,J,u,s,t,i,n,e, ,S,t,",",6,3,6,8,","
T,R,U,E,",",1,5,8, ,W, ,1,0,3,r,d, ,S,t,",",6,3,6,9,","
T,R,U,E,",",8,8,0,1, ,S, ,P,r,i,n,c,e,t,o,n, ,A,v,e,",",6,3,7,0,","
T,R,U,E,",",1,9,5,7, ,W, ,H,o,w,a,r,d, ,S,t,",",6,3,7,1,","
T,R,U,E,",",7,3,6, ,S, ,F,r,a,n,c,i,s,c,o, ,A,v,e,",",6,3,7,2,","
T,R,U,E,",",2,6,0,0, ,W, ,7,1,s,t, ,S,t,",",6,3,7,3,","
T,R,U,E,",",1,1,5,9, ,W, ,8,7,t,h, ,S,t,",",6,3,7,4,","
T,R,U,E,",",5,6,5,9, ,S, ,A,b,e,r,d,e,e,n, ,s,t,",",6,3,7,5,","
F,A,L,S,E,",",8,4,2,4, ,S, ,B,A,K,E,R, ,A,V,E,",",6,3,7,6,","
F,A,L,S,E,",",4,4, ,E, ,W,A,C,K,E,R, ,D,R,",",6,3,7,7,","
F,A,L,S,E,",",4,5,0,0, ,S, ,U,N,I,O,N, ,A,V,E,",",6,3,7,8,","
F,A,L,S,E,",",3,6,0,0, ,W, ,D,O,U,G,L,A,S, ,B,L,V,D,",",6,3,7,9,","
F,A,L,S,E,",",3,0,5,8, ,W, ,D,O,U,G,L,A,S, ,D,R, ,N,",",6,3,8,0,","
F,A,L,S,E,",",5,0,0, ,N, ,M,I,C,H,I,G,A,N, ,A,V,E,",",6,3,8,1,","
F,A,L,S,E,",",6,5,8, ,N, ,M,I,C,H,I,G,A,N, ,A,V,E,",",6,3,8,2,","
F,A,L,S,E,",",8,0,1, ,N, ,M,I,C,H,I,G,A,N, ,A,V,E,",",6,3,8,3,","
F,A,L,S,E,",",3,0,1, ,S, ,M,I,C,H,I,G,A,N, ,A,V,E,",",6,3,8,4,","
F,A,L,S,E,",",5,0,1, ,S, ,M,I,C,H,I,G,A,N, ,A,V,E,",",6,3,8,5,","
F,A,L,S,E,",",1,0,1, ,S, ,C,O,L,U,M,B,U,S, ,D,R,",",6,3,8,6,","
F,A,L,S,E,",",3,0,0, ,S, ,C,O,L,U,M,B,U,S, ,D,R,",",6,3,8,7,","
F,A,L,S,E,",",3,0,0, ,S, ,S,T,A,T,E, ,S,T,",",6,3,8,8,","
F,A,L,S,E,",",1,5,0, ,N, ,S,T,A,T,E, ,S,T,",",6,3,8,9,","
F,A,L,S,E,",",2,0,1, ,N, ,M,I,C,H,I,G,A,N, ,A,V,E,",",6,3,9,0,","
F,A,L,S,E,",",6,0,1, ,N, ,M,I,C,H,I,G,A,N, ,A,V,E,",",6,3,9,1,","
F,A,L,S,E,",",7,3,3, ,N, ,M,I,C,H,I,G,A,N, ,A,V,E,",",6,3,9,2,","
F,A,L,S,E,",",9,0,0, ,N, ,M,I,C,H,I,G,A,N, ,A,V,E,",",6,3,9,3,","
F,A,L,S,E,",",1,0,1, ,N, ,M,I,C,H,I,G,A,N, ,A,V,E,",",6,3,9,4,","
F,A,L,S,E,",",1,5,1, ,N, ,M,I,C,H,I,G,A,N, ,A,V,E,",",6,3,9,5,","
F,A,L,S,E,",",1,5,0, ,N, ,C,O,L,U,M,B,U,S, ,D,R,",",6,3,9,6,","
F,A,L,S,E,",",2,4,0,1, ,S, ,S,T,A,T,E, ,S,T,",",6,3,9,7,","
F,A,L,S,E,",",2,3,0,1, ,S, ,S,T,A,T,E, ,S,T,",",6,3,9,8,","
F,A,L,S,E,",",3,3,0,1, ,S, ,S,T,A,T,E, ,S,T,",",6,3,9,9,","
F,A,L,S,E,",",2,2,0,1, ,S, ,S,T,A,T,E, ,S,T,",",6,4,0,0,","
F,A,L,S,E,",",2,6,0,1, ,S, ,S,T,A,T,E, ,S,T,",",6,4,0,1,","
F,A,L,S,E,",",3,1,0,1, ,S, ,S,T,A,T,E, ,S,T,",",6,4,0,2,","
F,A,L,S,E,",",3,5,0,1, ,S, ,S,T,A,T,E, ,S,T,",",6,4,0,3,","
